delivery_id,factory_id,project_id,distance_km,expected_time_hours,actual_time_hours,delay_flag,date
D1,F5,P88,705.19,17.63,30.59,1,2026-04-30
D2,F1,P103,419.81,10.5,17.68,1,2026-04-07
D3,F4,P21,463.88,11.6,19.17,1,2026-04-30
D4,F3,P51,471.41,11.79,20.6,1,2026-04-21
D5,F2,P51,420.17,10.5,16.77,1,2026-04-05
D6,F2,P116,475.14,11.88,22.35,1,2026-04-23
D7,F4,P190,621.07,15.53,22.63,1,2026-04-19
D8,F1,P22,454.76,11.37,15.33,1,2026-04-28
D9,F5,P132,635.2,15.88,32.96,1,2026-04-08
D10,F5,P130,396.23,9.91,13.88,1,2026-04-28
D11,F1,P197,18.25,0.46,0.85,1,2026-04-04
D12,F4,P61,660.05,16.5,27.73,1,2026-04-23
D13,F3,P174,46.06,1.15,2.35,1,2026-04-02
D14,F3,P61,628.72,15.72,26.66,1,2026-04-09
D15,F5,P178,406.45,10.16,13.33,1,2026-04-05
D16,F4,P125,874.73,21.87,36.01,1,2026-04-05
D17,F2,P8,405.51,10.14,14.54,1,2026-04-01
D18,F5,P169,777.56,19.44,38.23,1,2026-04-21
D19,F1,P97,417.55,10.44,16.19,1,2026-04-12
D20,F1,P129,879.0,21.98,27.76,1,2026-04-19
D21,F3,P187,282.61,7.07,13.77,1,2026-04-02
D22,F5,P99,146.91,3.67,5.55,1,2026-04-06
D23,F2,P166,484.93,12.12,19.52,1,2026-04-14
D24,F5,P31,780.71,19.52,32.67,1,2026-04-09
D25,F4,P198,590.5,14.76,22.79,1,2026-04-29
D26,F1,P48,534.63,13.37,21.55,1,2026-04-14
D27,F1,P143,225.45,5.64,10.63,1,2026-04-06
D28,F1,P166,836.75,20.92,32.44,1,2026-04-01
D29,F2,P6,343.61,8.59,12.12,1,2026-04-20
D30,F3,P11,648.45,16.21,24.07,1,2026-04-10
D31,F5,P99,146.91,3.67,6.61,1,2026-04-03
D32,F3,P96,297.4,7.44,12.93,1,2026-04-21
D33,F3,P89,666.18,16.65,30.8,1,2026-04-07
D34,F2,P154,72.89,1.82,2.87,1,2026-04-03
D35,F1,P22,454.76,11.37,17.48,1,2026-04-19
D36,F4,P70,742.25,18.56,33.5,1,2026-04-13
D37,F2,P136,488.6,12.21,23.49,1,2026-04-15
D38,F4,P96,902.65,22.57,31.71,1,2026-04-18
D39,F1,P172,429.53,10.74,20.32,1,2026-04-02
D40,F4,P150,813.95,20.35,37.2,1,2026-04-15
D41,F2,P160,537.43,13.44,25.1,1,2026-04-30
D42,F1,P93,519.44,12.99,20.3,1,2026-04-06
D43,F1,P199,777.43,19.44,40.97,1,2026-04-07
D44,F5,P126,571.56,14.29,27.47,1,2026-04-15
D45,F3,P49,671.11,16.78,24.93,1,2026-04-05
D46,F2,P14,296.96,7.42,14.24,1,2026-04-08
D47,F2,P107,167.46,4.19,6.28,1,2026-04-01
D48,F5,P2,360.13,9.0,16.3,1,2026-04-08
D49,F4,P19,772.79,19.32,28.23,1,2026-04-25
D50,F5,P180,477.92,11.95,18.79,1,2026-04-16
D51,F1,P124,562.23,14.06,21.88,1,2026-04-17
D52,F5,P114,848.32,21.21,42.56,1,2026-04-04
D53,F5,P23,478.83,11.97,16.03,1,2026-04-28
D54,F5,P88,705.19,17.63,24.18,1,2026-04-11
D55,F5,P154,501.88,12.55,22.68,1,2026-04-06
D56,F1,P192,523.01,13.08,24.48,1,2026-04-02
D57,F5,P115,353.65,8.84,12.89,1,2026-04-03
D58,F4,P189,482.94,12.07,17.45,1,2026-04-28
D59,F5,P188,76.22,1.91,3.03,1,2026-04-28
D60,F2,P160,537.43,13.44,26.13,1,2026-04-13
D61,F1,P106,107.22,2.68,5.07,1,2026-04-27
D62,F4,P90,582.44,14.56,21.82,1,2026-04-06
D63,F1,P110,354.04,8.85,12.14,1,2026-04-17
D64,F4,P134,342.16,8.55,18.78,1,2026-04-08
D65,F1,P142,789.56,19.74,31.71,1,2026-04-26
D66,F4,P84,717.19,17.93,26.31,1,2026-04-14
D67,F5,P190,341.02,8.53,12.29,1,2026-04-28
D68,F1,P99,846.76,21.17,37.09,1,2026-04-27
D69,F2,P28,468.57,11.71,16.17,1,2026-04-17
D70,F1,P180,239.16,5.98,9.7,1,2026-04-26
D71,F1,P11,642.98,16.07,20.32,1,2026-04-12
D72,F3,P131,729.11,18.23,34.86,1,2026-04-22
D73,F2,P17,613.3,15.33,25.93,1,2026-04-14
D74,F5,P5,426.06,10.65,19.49,1,2026-04-04
D75,F5,P184,243.76,6.09,10.28,1,2026-04-07
D76,F4,P58,693.19,17.33,30.15,1,2026-04-13
D77,F2,P163,223.11,5.58,9.0,1,2026-04-05
D78,F3,P162,204.28,5.11,7.76,1,2026-04-11
D79,F3,P109,329.39,8.23,12.03,1,2026-04-25
D80,F2,P25,314.35,7.86,11.76,1,2026-04-28
D81,F3,P169,376.91,9.42,12.95,1,2026-04-17
D82,F3,P29,600.62,15.02,26.35,1,2026-04-16
D83,F3,P150,507.27,12.68,28.25,1,2026-04-02
D84,F2,P130,225.08,5.63,11.1,1,2026-04-02
D85,F1,P59,704.38,17.61,26.2,1,2026-04-11
D86,F3,P94,176.04,4.4,7.05,1,2026-04-01
D87,F5,P55,220.2,5.5,6.66,1,2026-04-10
D88,F1,P88,174.01,4.35,6.38,1,2026-04-16
D89,F5,P193,418.7,10.47,19.85,1,2026-04-02
D90,F3,P11,648.45,16.21,27.36,1,2026-04-21
D91,F4,P138,372.16,9.3,15.69,1,2026-04-18
D92,F5,P15,552.7,13.82,23.01,1,2026-04-06
D93,F1,P153,170.81,4.27,8.62,1,2026-04-23
D94,F5,P162,757.12,18.93,23.49,1,2026-04-10
D95,F4,P193,469.24,11.73,21.03,1,2026-04-21
D96,F1,P80,702.76,17.57,27.45,1,2026-04-24
D97,F3,P40,739.68,18.49,28.51,1,2026-04-18
D98,F5,P9,754.79,18.87,32.36,1,2026-04-13
D99,F4,P148,507.71,12.69,26.44,1,2026-04-08
D100,F4,P48,736.88,18.42,36.8,1,2026-04-02
D101,F3,P174,46.06,1.15,2.05,1,2026-04-09
D102,F1,P138,647.62,16.19,27.09,1,2026-04-08
D103,F4,P153,219.67,5.49,11.62,1,2026-04-22
D104,F2,P64,631.66,15.79,24.5,1,2026-04-12
D105,F1,P137,757.0,18.92,27.08,1,2026-04-01
D106,F2,P102,164.65,4.12,6.04,1,2026-04-01
D107,F1,P57,437.29,10.93,16.89,1,2026-04-16
D108,F5,P62,85.29,2.13,3.99,1,2026-04-22
D109,F4,P65,293.29,7.33,11.51,1,2026-04-21
D110,F1,P80,702.76,17.57,26.02,1,2026-04-18
D111,F2,P71,270.95,6.77,9.95,1,2026-04-29
D112,F5,P123,169.12,4.23,5.84,1,2026-04-16
D113,F2,P67,279.31,6.98,10.14,1,2026-04-01
D114,F3,P119,394.4,9.86,16.54,1,2026-04-08
D115,F3,P171,270.41,6.76,10.6,1,2026-04-23
D116,F3,P103,298.85,7.47,9.26,1,2026-04-10
D117,F4,P71,508.85,12.72,21.52,1,2026-04-26
D118,F4,P184,270.43,6.76,10.55,1,2026-04-18
D119,F4,P89,410.66,10.27,20.97,1,2026-04-04
D120,F4,P79,613.34,15.33,26.21,1,2026-04-16
D121,F5,P156,501.5,12.54,23.44,1,2026-04-14
D122,F1,P62,634.12,15.85,21.47,1,2026-04-26
D123,F3,P192,591.84,14.8,23.63,1,2026-04-26
D124,F5,P17,600.16,15.0,22.56,1,2026-04-28
D125,F3,P156,506.07,12.65,19.89,1,2026-04-05
D126,F2,P7,312.94,7.82,12.66,1,2026-04-19
D127,F4,P32,770.82,19.27,32.21,1,2026-04-03
D128,F3,P195,836.3,20.91,35.95,1,2026-04-30
D129,F1,P136,548.34,13.71,29.09,1,2026-04-08
D130,F5,P156,501.5,12.54,20.86,1,2026-04-16
D131,F2,P187,254.48,6.36,8.68,1,2026-04-28
D132,F2,P193,71.5,1.79,3.62,1,2026-04-02
D133,F4,P120,319.4,7.98,11.28,1,2026-04-25
D134,F3,P112,162.98,4.07,8.74,1,2026-04-08
D135,F1,P193,427.52,10.69,18.13,1,2026-04-22
D136,F2,P189,374.38,9.36,13.14,1,2026-04-16
D137,F2,P32,456.76,11.42,21.92,1,2026-04-08
D138,F3,P112,162.98,4.07,5.85,1,2026-04-10
D139,F3,P138,780.84,19.52,30.56,1,2026-04-26
D140,F5,P75,289.74,7.24,15.08,1,2026-04-27
D141,F2,P33,337.58,8.44,18.42,1,2026-04-02
D142,F2,P12,164.74,4.12,5.89,1,2026-04-17
D143,F2,P1,644.38,16.11,24.85,1,2026-04-19
D144,F2,P3,677.1,16.93,26.97,1,2026-04-29
D145,F4,P81,422.36,10.56,18.14,1,2026-04-03
D146,F2,P45,83.75,2.09,2.91,1,2026-04-26
D147,F1,P146,572.6,14.31,27.14,1,2026-04-23
D148,F4,P47,482.3,12.06,21.53,1,2026-04-02
D149,F1,P127,476.53,11.91,18.4,1,2026-04-06
D150,F5,P11,67.21,1.68,2.51,1,2026-04-17
D151,F2,P144,493.01,12.33,21.46,1,2026-04-18
D152,F3,P143,413.23,10.33,15.85,1,2026-04-12
D153,F5,P87,1002.63,25.07,38.96,1,2026-04-03
D154,F3,P194,501.71,12.54,23.42,1,2026-04-13
D155,F3,P32,225.25,5.63,7.7,1,2026-04-20
D156,F5,P151,690.65,17.27,24.36,1,2026-04-03
D157,F4,P28,662.95,16.57,26.68,1,2026-04-03
D158,F5,P5,426.06,10.65,16.73,1,2026-04-13
D159,F2,P66,401.98,10.05,12.5,1,2026-04-20
D160,F2,P91,233.32,5.83,8.61,1,2026-04-14
D161,F3,P15,184.66,4.62,8.94,1,2026-04-09
D162,F1,P50,654.32,16.36,27.74,1,2026-04-21
D163,F2,P149,458.45,11.46,17.88,1,2026-04-14
D164,F5,P138,165.68,4.14,6.8,1,2026-04-22
D165,F1,P197,18.25,0.46,0.77,1,2026-04-14
D166,F4,P16,192.04,4.8,7.25,1,2026-04-25
D167,F1,P15,576.34,14.41,25.11,1,2026-04-23
D168,F4,P50,571.14,14.28,25.77,1,2026-04-03
D169,F4,P85,253.88,6.35,8.52,1,2026-04-05
D170,F2,P190,186.63,4.67,8.28,1,2026-04-09
D171,F2,P91,233.32,5.83,10.25,1,2026-04-15
D172,F3,P35,178.04,4.45,7.71,1,2026-04-26
D173,F2,P127,267.7,6.69,8.66,1,2026-04-19
D174,F5,P59,56.93,1.42,3.04,1,2026-04-02
D175,F1,P86,625.48,15.64,23.57,1,2026-04-06
D176,F5,P178,406.45,10.16,15.34,1,2026-04-24
D177,F1,P4,774.08,19.35,29.31,1,2026-04-03
D178,F5,P150,463.46,11.59,20.79,1,2026-04-03
D179,F1,P181,613.48,15.34,19.33,1,2026-04-01
D180,F3,P95,531.96,13.3,22.01,1,2026-04-15
D181,F5,P189,702.83,17.57,31.92,1,2026-04-06
D182,F3,P149,714.03,17.85,35.2,1,2026-04-23
D183,F2,P61,379.22,9.48,12.36,1,2026-04-24
D184,F4,P14,563.96,14.1,25.46,1,2026-04-16
D185,F2,P56,360.01,9.0,11.45,1,2026-04-12
D186,F1,P182,253.1,6.33,9.86,1,2026-04-21
D187,F4,P152,581.06,14.53,21.15,1,2026-04-17
D188,F1,P4,774.08,19.35,25.95,1,2026-04-29
D189,F2,P26,541.12,13.53,20.15,1,2026-04-10
D190,F4,P26,634.65,15.87,22.68,1,2026-04-20
D191,F5,P172,559.82,14.0,18.73,1,2026-04-25
D192,F2,P194,226.24,5.66,11.5,1,2026-04-23
D193,F4,P186,353.29,8.83,13.96,1,2026-04-05
D194,F4,P9,799.11,19.98,32.58,1,2026-04-19
D195,F3,P131,729.11,18.23,25.8,1,2026-04-29
D196,F5,P130,396.23,9.91,16.93,1,2026-04-17
D197,F5,P45,490.92,12.27,24.95,1,2026-04-15
D198,F3,P116,426.03,10.65,16.34,1,2026-04-01
D199,F3,P103,298.85,7.47,11.3,1,2026-04-25
D200,F5,P188,76.22,1.91,3.7,1,2026-04-23
D201,F5,P78,728.04,18.2,26.64,1,2026-04-18
D202,F1,P160,61.61,1.54,2.43,1,2026-04-13
D203,F5,P199,290.3,7.26,11.35,1,2026-04-01
D204,F3,P23,290.2,7.25,9.24,1,2026-04-05
D205,F3,P49,671.11,16.78,23.67,1,2026-04-01
D206,F2,P82,266.34,6.66,8.67,1,2026-04-25
D207,F4,P195,594.9,14.87,21.26,1,2026-04-29
D208,F5,P139,340.15,8.5,12.01,1,2026-04-25
D209,F3,P15,184.66,4.62,5.81,1,2026-04-24
D210,F1,P97,417.55,10.44,14.6,1,2026-04-10
D211,F5,P9,754.79,18.87,30.51,1,2026-04-01
D212,F2,P19,385.01,9.63,14.29,1,2026-04-03
D213,F1,P10,830.11,20.75,34.95,1,2026-04-23
D214,F2,P181,280.71,7.02,12.86,1,2026-04-09
D215,F2,P146,495.3,12.38,19.72,1,2026-04-30
D216,F4,P55,331.79,8.29,12.26,1,2026-04-12
D217,F5,P61,223.48,5.59,9.55,1,2026-04-08
D218,F5,P160,716.25,17.91,29.28,1,2026-04-19
D219,F4,P98,423.93,10.6,13.44,1,2026-04-24
D220,F1,P195,833.21,20.83,35.63,1,2026-04-15
D221,F2,P96,364.19,9.1,13.65,1,2026-04-12
D222,F5,P139,340.15,8.5,14.43,1,2026-04-09
D223,F1,P114,331.39,8.28,13.11,1,2026-04-16
D224,F4,P181,481.14,12.03,18.82,1,2026-04-17
D225,F1,P22,454.76,11.37,17.81,1,2026-04-16
D226,F2,P145,408.02,10.2,16.36,1,2026-04-17
D227,F2,P164,356.34,8.91,14.86,1,2026-04-18
D228,F2,P41,431.57,10.79,15.04,1,2026-04-29
D229,F4,P183,321.76,8.04,9.83,1,2026-04-20
D230,F4,P93,782.77,19.57,37.26,1,2026-04-22
D231,F4,P39,443.41,11.09,21.22,1,2026-04-27
D232,F4,P49,587.23,14.68,25.29,1,2026-04-26
D233,F2,P140,256.98,6.42,8.85,1,2026-04-25
D234,F1,P190,653.87,16.35,31.84,1,2026-04-27
D235,F3,P192,591.84,14.8,22.1,1,2026-04-18
D236,F3,P164,527.37,13.18,25.76,1,2026-04-15
D237,F5,P189,702.83,17.57,26.78,1,2026-04-25
D238,F1,P195,833.21,20.83,37.56,1,2026-04-11
D239,F4,P74,678.29,16.96,28.54,1,2026-04-22
D240,F1,P40,365.33,9.13,12.36,1,2026-04-28
D241,F2,P169,442.6,11.06,18.44,1,2026-04-18
D242,F5,P144,59.28,1.48,3.22,1,2026-04-04
D243,F4,P15,674.32,16.86,32.32,1,2026-04-07
D244,F1,P20,340.36,8.51,13.17,1,2026-04-03
D245,F4,P141,840.59,21.01,42.83,1,2026-04-13
D246,F4,P119,491.17,12.28,20.35,1,2026-04-16
D247,F1,P44,774.84,19.37,30.15,1,2026-04-06
D248,F2,P102,164.65,4.12,6.25,1,2026-04-11
D249,F4,P35,553.55,13.84,18.83,1,2026-04-01
D250,F1,P74,415.07,10.38,16.39,1,2026-04-09
D251,F5,P148,61.31,1.53,3.43,1,2026-04-27
D252,F4,P50,571.14,14.28,17.34,1,2026-04-10
D253,F4,P149,261.69,6.54,11.25,1,2026-04-13
D254,F2,P34,281.96,7.05,14.6,1,2026-04-04
D255,F4,P52,583.44,14.59,25.66,1,2026-04-16
D256,F2,P80,308.18,7.7,12.26,1,2026-04-15
D257,F1,P161,847.66,21.19,39.37,1,2026-04-27
D258,F3,P101,461.57,11.54,22.29,1,2026-04-08
D259,F3,P32,225.25,5.63,7.58,1,2026-04-25
D260,F2,P162,353.09,8.83,16.29,1,2026-04-04
D261,F3,P184,752.16,18.8,32.68,1,2026-04-26
D262,F5,P2,360.13,9.0,16.87,1,2026-04-15
D263,F3,P135,620.62,15.52,22.2,1,2026-04-20
D264,F5,P195,136.35,3.41,5.14,1,2026-04-05
D265,F3,P38,108.2,2.7,4.83,1,2026-04-30
D266,F2,P165,501.12,12.53,17.27,1,2026-04-01
D267,F5,P97,289.92,7.25,13.92,1,2026-04-08
D268,F1,P151,659.01,16.48,27.22,1,2026-04-22
D269,F1,P166,836.75,20.92,39.02,1,2026-04-27
D270,F4,P167,803.13,20.08,33.46,1,2026-04-18
D271,F1,P62,634.12,15.85,26.9,1,2026-04-03
D272,F5,P24,790.88,19.77,36.4,1,2026-04-21
D273,F5,P31,780.71,19.52,29.08,1,2026-04-17
D274,F5,P11,67.21,1.68,2.51,1,2026-04-20
D275,F4,P52,583.44,14.59,18.14,1,2026-04-01
D276,F3,P145,136.3,3.41,6.74,1,2026-04-07
D277,F2,P34,281.96,7.05,12.16,1,2026-04-07
D278,F3,P151,147.55,3.69,7.06,1,2026-04-27
D279,F3,P127,530.87,13.27,22.22,1,2026-04-03
D280,F1,P6,690.54,17.26,29.89,1,2026-04-26
D281,F4,P151,802.03,20.05,33.75,1,2026-04-18
D282,F4,P63,568.29,14.21,23.46,1,2026-04-23
D283,F4,P152,581.06,14.53,20.3,1,2026-04-16
D284,F2,P134,245.2,6.13,8.13,1,2026-04-05
D285,F2,P160,537.43,13.44,25.96,1,2026-04-04
D286,F3,P118,668.44,16.71,23.83,1,2026-04-17
D287,F1,P126,461.52,11.54,18.96,1,2026-04-05
D288,F4,P121,967.78,24.19,44.03,1,2026-04-16
D289,F1,P35,410.87,10.27,15.52,1,2026-04-03
D290,F4,P69,378.59,9.46,15.54,1,2026-04-06
D291,F1,P128,319.01,7.98,12.25,1,2026-04-20
D292,F2,P112,353.81,8.85,18.84,1,2026-04-27
D293,F3,P144,768.57,19.21,37.67,1,2026-04-07
D294,F2,P160,537.43,13.44,24.9,1,2026-04-30
D295,F5,P19,818.97,20.47,29.15,1,2026-04-25
D296,F3,P82,206.86,5.17,9.68,1,2026-04-30
D297,F2,P37,504.14,12.6,16.43,1,2026-04-17
D298,F3,P13,380.97,9.52,17.53,1,2026-04-23
D299,F1,P74,415.07,10.38,19.13,1,2026-04-06
D300,F5,P101,524.26,13.11,21.57,1,2026-04-18
D301,F3,P95,531.96,13.3,20.76,1,2026-04-23
D302,F2,P12,164.74,4.12,6.65,1,2026-04-01
D303,F2,P82,266.34,6.66,9.84,1,2026-04-17
D304,F1,P10,830.11,20.75,29.01,1,2026-04-24
D305,F4,P158,342.26,8.56,17.4,1,2026-04-07
D306,F4,P154,547.91,13.7,20.25,1,2026-04-03
D307,F3,P30,67.63,1.69,2.47,1,2026-04-20
D308,F3,P62,628.13,15.7,18.59,0,2026-04-25
D309,F4,P138,372.16,9.3,15.91,1,2026-04-09
D310,F5,P130,396.23,9.91,13.2,1,2026-04-25
D311,F5,P173,559.49,13.99,18.01,1,2026-04-19
D312,F2,P162,353.09,8.83,14.08,1,2026-04-29
D313,F4,P72,699.75,17.49,21.69,1,2026-04-20
D314,F3,P46,662.44,16.56,30.43,1,2026-04-15
D315,F1,P105,192.84,4.82,8.44,1,2026-04-18
D316,F3,P101,461.57,11.54,22.77,1,2026-04-13
D317,F5,P97,289.92,7.25,14.13,1,2026-04-13
D318,F1,P62,634.12,15.85,23.21,1,2026-04-30
D319,F2,P101,334.72,8.37,13.53,1,2026-04-30
D320,F3,P151,147.55,3.69,4.49,1,2026-04-10
D321,F2,P51,420.17,10.5,21.09,1,2026-04-23
D322,F4,P168,430.2,10.76,17.32,1,2026-04-23
D323,F4,P87,862.12,21.55,39.45,1,2026-04-23
D324,F3,P73,207.63,5.19,8.9,1,2026-04-15
D325,F5,P78,728.04,18.2,27.06,1,2026-04-29
D326,F4,P66,688.08,17.2,25.83,1,2026-04-28
D327,F3,P161,803.27,20.08,28.03,1,2026-04-10
D328,F3,P175,60.42,1.51,2.99,1,2026-04-08
D329,F2,P69,162.97,4.07,5.68,1,2026-04-20
D330,F3,P102,290.44,7.26,12.94,1,2026-04-06
D331,F1,P146,572.6,14.31,22.7,1,2026-04-17
D332,F1,P107,536.01,13.4,23.22,1,2026-04-16
D333,F3,P78,230.64,5.77,9.5,1,2026-04-13
D334,F4,P168,430.2,10.76,16.95,1,2026-04-01
D335,F4,P73,871.78,21.79,31.38,1,2026-04-16
D336,F2,P143,279.07,6.98,12.2,1,2026-04-21
D337,F4,P127,342.75,8.57,15.43,1,2026-04-02
D338,F2,P49,403.59,10.09,14.25,1,2026-04-12
D339,F3,P79,642.06,16.05,36.85,1,2026-04-04
D340,F4,P111,873.39,21.83,42.15,1,2026-04-06
D341,F3,P41,685.91,17.15,29.68,1,2026-04-26
D342,F2,P137,291.44,7.29,13.92,1,2026-04-06
D343,F3,P35,178.04,4.45,5.92,1,2026-04-20
D344,F5,P59,56.93,1.42,2.22,1,2026-04-10
D345,F1,P167,637.0,15.92,27.67,1,2026-04-07
D346,F3,P21,443.02,11.08,17.33,1,2026-04-01
D347,F1,P74,415.07,10.38,20.27,1,2026-04-06
D348,F1,P130,708.39,17.71,28.82,1,2026-04-15
D349,F1,P49,753.82,18.85,29.35,1,2026-04-06
D350,F1,P197,18.25,0.46,0.61,1,2026-04-18
D351,F3,P150,507.27,12.68,18.91,1,2026-04-01
D352,F3,P75,640.66,16.02,29.59,1,2026-04-23
D353,F5,P127,233.3,5.83,10.51,1,2026-04-21
D354,F4,P8,720.11,18.0,32.87,1,2026-04-06
D355,F4,P181,481.14,12.03,21.42,1,2026-04-09
D356,F1,P90,303.72,7.59,16.26,1,2026-04-07
D357,F3,P46,662.44,16.56,24.56,1,2026-04-26
D358,F5,P40,484.75,12.12,19.96,1,2026-04-09
D359,F4,P25,425.37,10.63,19.2,1,2026-04-14
D360,F3,P157,474.78,11.87,17.56,1,2026-04-16
D361,F5,P8,282.4,7.06,10.29,1,2026-04-24
D362,F2,P183,488.53,12.21,16.26,1,2026-04-19
D363,F2,P88,389.39,9.73,19.84,1,2026-04-04
D364,F4,P37,365.02,9.13,10.56,0,2026-04-25
D365,F1,P63,355.63,8.89,13.7,1,2026-04-05
D366,F4,P92,747.07,18.68,28.81,1,2026-04-21
D367,F5,P11,67.21,1.68,2.46,1,2026-04-25
D368,F2,P85,605.96,15.15,25.55,1,2026-04-18
D369,F4,P195,594.9,14.87,24.62,1,2026-04-03
D370,F2,P171,317.29,7.93,17.75,1,2026-04-04
D371,F3,P185,101.66,2.54,4.3,1,2026-04-28
D372,F5,P168,546.25,13.66,24.34,1,2026-04-23
D373,F1,P49,753.82,18.85,33.1,1,2026-04-06
D374,F3,P62,628.13,15.7,25.43,1,2026-04-22
D375,F5,P198,513.54,12.84,21.04,1,2026-04-28
D376,F3,P97,508.45,12.71,17.3,1,2026-04-10
D377,F1,P42,161.04,4.03,7.35,1,2026-04-30
D378,F5,P188,76.22,1.91,3.68,1,2026-04-02
D379,F5,P63,655.19,16.38,32.48,1,2026-04-22
D380,F2,P93,425.91,10.65,16.45,1,2026-04-18
D381,F4,P57,473.58,11.84,18.71,1,2026-04-09
D382,F1,P174,490.0,12.25,21.23,1,2026-04-09
D383,F4,P114,647.27,16.18,25.03,1,2026-04-28
D384,F3,P27,433.74,10.84,14.8,1,2026-04-28
D385,F5,P120,616.49,15.41,18.17,0,2026-04-25
D386,F3,P73,207.63,5.19,7.82,1,2026-04-28
D387,F5,P184,243.76,6.09,8.89,1,2026-04-18
D388,F1,P44,774.84,19.37,43.25,1,2026-04-02
D389,F1,P31,557.55,13.94,18.8,1,2026-04-26
D390,F2,P183,488.53,12.21,22.78,1,2026-04-27
D391,F3,P170,246.24,6.16,9.08,1,2026-04-28
D392,F5,P22,772.7,19.32,34.19,1,2026-04-06
D393,F2,P18,138.16,3.45,5.06,1,2026-04-10
D394,F4,P172,566.81,14.17,19.28,1,2026-04-20
D395,F3,P10,672.5,16.81,26.05,1,2026-04-26
D396,F2,P33,337.58,8.44,12.23,1,2026-04-01
D397,F4,P117,370.06,9.25,13.92,1,2026-04-11
D398,F5,P162,757.12,18.93,33.28,1,2026-04-23
D399,F3,P90,263.11,6.58,9.89,1,2026-04-18
D400,F5,P196,907.26,22.68,37.69,1,2026-04-21
D401,F3,P26,810.98,20.27,35.71,1,2026-04-22
D402,F5,P126,571.56,14.29,18.95,1,2026-04-12
D403,F2,P117,479.52,11.99,23.66,1,2026-04-22
D404,F4,P161,634.74,15.87,22.77,1,2026-04-10
D405,F3,P138,780.84,19.52,29.73,1,2026-04-21
D406,F5,P69,404.26,10.11,17.38,1,2026-04-15
D407,F1,P182,253.1,6.33,11.54,1,2026-04-07
D408,F4,P102,695.22,17.38,32.8,1,2026-04-27
D409,F1,P52,737.17,18.43,32.6,1,2026-04-18
D410,F5,P153,667.07,16.68,21.05,1,2026-04-10
D411,F2,P131,469.03,11.73,20.11,1,2026-04-11
D412,F1,P180,239.16,5.98,10.19,1,2026-04-16
D413,F4,P103,471.37,11.78,17.94,1,2026-04-25
D414,F3,P183,547.93,13.7,25.19,1,2026-04-13
D415,F1,P200,398.4,9.96,15.96,1,2026-04-18
D416,F2,P163,223.11,5.58,7.99,1,2026-04-19
D417,F1,P185,636.58,15.91,36.15,1,2026-04-04
D418,F1,P100,693.59,17.34,32.3,1,2026-04-30
D419,F2,P136,488.6,12.21,19.26,1,2026-04-19
D420,F1,P133,451.6,11.29,14.47,1,2026-04-10
D421,F5,P198,513.54,12.84,22.1,1,2026-04-23
D422,F5,P177,174.58,4.36,6.26,1,2026-04-28
D423,F3,P137,311.61,7.79,9.88,1,2026-04-19
D424,F3,P43,348.66,8.72,14.12,1,2026-04-12
D425,F3,P73,207.63,5.19,8.75,1,2026-04-21
D426,F4,P117,370.06,9.25,15.34,1,2026-04-18
D427,F3,P161,803.27,20.08,26.27,1,2026-04-17
D428,F5,P128,385.86,9.65,16.12,1,2026-04-14
D429,F2,P116,475.14,11.88,17.24,1,2026-04-28
D430,F3,P96,297.4,7.44,9.41,1,2026-04-12
D431,F2,P159,546.5,13.66,20.46,1,2026-04-19
D432,F2,P111,388.36,9.71,16.32,1,2026-04-23
D433,F4,P181,481.14,12.03,18.92,1,2026-04-18
D434,F3,P86,433.19,10.83,14.71,1,2026-04-25
D435,F2,P101,334.72,8.37,15.35,1,2026-04-22
D436,F5,P60,334.34,8.36,16.12,1,2026-04-23
D437,F3,P153,675.19,16.88,35.74,1,2026-04-08
D438,F4,P15,674.32,16.86,33.65,1,2026-04-15
D439,F2,P33,337.58,8.44,17.06,1,2026-04-22
D440,F4,P147,335.44,8.39,16.94,1,2026-04-15
D441,F5,P116,788.05,19.7,23.77,1,2026-04-10
D442,F5,P115,353.65,8.84,12.8,1,2026-04-14
D443,F2,P61,379.22,9.48,12.61,1,2026-04-19
D444,F4,P77,505.78,12.64,22.05,1,2026-04-06
D445,F1,P129,879.0,21.98,39.0,1,2026-04-08
D446,F4,P37,365.02,9.13,16.61,1,2026-04-04
D447,F4,P182,391.24,9.78,14.21,1,2026-04-01
D448,F1,P177,528.67,13.22,26.02,1,2026-04-08
D449,F1,P176,619.17,15.48,24.81,1,2026-04-26
D450,F1,P187,264.24,6.61,10.86,1,2026-04-14
D451,F5,P16,342.04,8.55,13.71,1,2026-04-13
D452,F2,P189,374.38,9.36,15.28,1,2026-04-28
D453,F4,P55,331.79,8.29,10.5,1,2026-04-12
D454,F1,P71,629.21,15.73,24.74,1,2026-04-30
D455,F1,P169,214.37,5.36,8.1,1,2026-04-25
D456,F3,P67,463.68,11.59,18.27,1,2026-04-19
D457,F3,P49,671.11,16.78,25.32,1,2026-04-03
D458,F1,P132,293.09,7.33,17.14,1,2026-04-04
D459,F1,P127,476.53,11.91,19.23,1,2026-04-05
D460,F4,P161,634.74,15.87,28.16,1,2026-04-21
D461,F4,P10,691.69,17.29,29.22,1,2026-04-29
D462,F2,P182,236.95,5.92,11.37,1,2026-04-06
D463,F3,P139,380.53,9.51,19.15,1,2026-04-08
D464,F1,P145,568.44,14.21,20.47,1,2026-04-01
D465,F1,P96,796.02,19.9,27.51,1,2026-04-01
D466,F3,P158,701.32,17.53,25.54,1,2026-04-29
D467,F5,P6,754.82,18.87,27.59,1,2026-04-01
D468,F2,P158,433.25,10.83,21.17,1,2026-04-21
D469,F5,P191,663.16,16.58,22.8,1,2026-04-28
D470,F2,P66,401.98,10.05,15.6,1,2026-04-24
D471,F1,P84,701.87,17.55,26.17,1,2026-04-19
D472,F3,P43,348.66,8.72,13.62,1,2026-04-24
D473,F2,P49,403.59,10.09,19.0,1,2026-04-13
D474,F5,P39,80.48,2.01,2.63,1,2026-04-12
D475,F1,P7,493.41,12.34,16.05,1,2026-04-24
D476,F4,P91,764.23,19.11,26.93,1,2026-04-12
D477,F2,P88,389.39,9.73,17.37,1,2026-04-13
D478,F2,P93,425.91,10.65,21.29,1,2026-04-04
D479,F4,P167,803.13,20.08,36.47,1,2026-04-09
D480,F2,P17,613.3,15.33,29.02,1,2026-04-22
D481,F1,P74,415.07,10.38,18.74,1,2026-04-03
D482,F1,P130,708.39,17.71,21.59,1,2026-04-24
D483,F1,P14,682.57,17.06,34.19,1,2026-04-07
D484,F5,P93,856.61,21.42,42.33,1,2026-04-15
D485,F5,P156,501.5,12.54,20.31,1,2026-04-21
D486,F4,P83,209.96,5.25,9.17,1,2026-04-26
D487,F4,P60,204.86,5.12,10.81,1,2026-04-08
D488,F3,P50,497.79,12.44,19.91,1,2026-04-26
D489,F3,P96,297.4,7.44,11.51,1,2026-04-30
D490,F4,P63,568.29,14.21,28.37,1,2026-04-07
D491,F4,P73,871.78,21.79,31.69,1,2026-04-29
D492,F4,P148,507.71,12.69,26.61,1,2026-04-02
D493,F5,P185,769.2,19.23,29.19,1,2026-04-29
D494,F4,P114,647.27,16.18,35.02,1,2026-04-04
D495,F2,P104,177.0,4.42,9.65,1,2026-04-02
D496,F4,P182,391.24,9.78,14.19,1,2026-04-01
D497,F2,P181,280.71,7.02,14.71,1,2026-04-22
D498,F1,P23,354.92,8.87,15.14,1,2026-04-22
D499,F4,P49,587.23,14.68,30.11,1,2026-04-22
D500,F5,P195,136.35,3.41,6.09,1,2026-04-11
D501,F3,P200,687.73,17.19,21.97,1,2026-04-01
D502,F3,P67,463.68,11.59,19.49,1,2026-04-06
D503,F4,P180,294.33,7.36,11.75,1,2026-04-19
D504,F2,P22,346.48,8.66,13.99,1,2026-04-29
D505,F5,P7,746.53,18.66,31.91,1,2026-04-27
D506,F2,P6,343.61,8.59,15.13,1,2026-04-11
D507,F2,P53,461.75,11.54,22.09,1,2026-04-06
D508,F5,P200,380.61,9.52,15.61,1,2026-04-18
D509,F4,P103,471.37,11.78,17.27,1,2026-04-24
D510,F3,P198,198.44,4.96,7.52,1,2026-04-17
D511,F2,P131,469.03,11.73,21.14,1,2026-04-23
D512,F2,P134,245.2,6.13,11.52,1,2026-04-09
D513,F4,P14,563.96,14.1,27.65,1,2026-04-15
D514,F1,P138,647.62,16.19,25.02,1,2026-04-23
D515,F1,P104,663.86,16.6,31.05,1,2026-04-21
D516,F5,P97,289.92,7.25,10.77,1,2026-04-26
D517,F2,P184,495.82,12.4,22.02,1,2026-04-16
D518,F3,P86,433.19,10.83,19.19,1,2026-04-30
D519,F2,P115,254.66,6.37,9.96,1,2026-04-19
D520,F1,P53,42.2,1.06,1.63,1,2026-04-06
D521,F3,P100,499.91,12.5,17.72,1,2026-04-17
D522,F1,P52,737.17,18.43,29.3,1,2026-04-09
D523,F4,P4,582.14,14.55,22.44,1,2026-04-10
D524,F5,P17,600.16,15.0,23.65,1,2026-04-18
D525,F4,P90,582.44,14.56,25.13,1,2026-04-22
D526,F1,P177,528.67,13.22,21.02,1,2026-04-23
D527,F5,P55,220.2,5.5,8.63,1,2026-04-14
D528,F2,P191,271.34,6.78,9.62,1,2026-04-29
D529,F1,P32,488.15,12.2,20.77,1,2026-04-22
D530,F5,P97,289.92,7.25,10.19,1,2026-04-17
D531,F5,P123,169.12,4.23,7.3,1,2026-04-02
D532,F5,P9,754.79,18.87,31.18,1,2026-04-17
D533,F3,P70,521.93,13.05,17.23,1,2026-04-24
D534,F2,P110,141.68,3.54,6.69,1,2026-04-02
D535,F4,P2,504.78,12.62,19.26,1,2026-04-18
D536,F3,P47,251.52,6.29,9.08,1,2026-04-19
D537,F2,P6,343.61,8.59,12.24,1,2026-04-11
D538,F4,P198,590.5,14.76,29.15,1,2026-04-27
D539,F5,P18,303.25,7.58,9.11,1,2026-04-20
D540,F1,P135,707.76,17.69,22.85,1,2026-04-12
D541,F2,P123,271.5,6.79,12.22,1,2026-04-03
D542,F3,P133,744.9,18.62,33.74,1,2026-04-13
D543,F4,P51,350.37,8.76,16.75,1,2026-04-07
D544,F1,P45,418.08,10.45,18.55,1,2026-04-09
D545,F3,P103,298.85,7.47,13.23,1,2026-04-06
D546,F1,P54,284.04,7.1,12.31,1,2026-04-11
D547,F3,P14,562.46,14.06,27.33,1,2026-04-15
D548,F3,P57,312.45,7.81,12.49,1,2026-04-18
D549,F2,P88,389.39,9.73,14.38,1,2026-04-29
D550,F3,P170,246.24,6.16,10.62,1,2026-04-26
D551,F4,P63,568.29,14.21,29.61,1,2026-04-07
D552,F5,P49,122.47,3.06,4.69,1,2026-04-28
D553,F5,P157,341.89,8.55,12.35,1,2026-04-05
D554,F3,P40,739.68,18.49,25.7,1,2026-04-25
D555,F5,P128,385.86,9.65,15.49,1,2026-04-17
D556,F4,P23,445.64,11.14,18.5,1,2026-04-26
D557,F1,P27,495.48,12.39,21.28,1,2026-04-18
D558,F3,P13,380.97,9.52,12.83,1,2026-04-18
D559,F2,P192,324.14,8.1,11.13,1,2026-04-20
D560,F1,P130,708.39,17.71,32.07,1,2026-04-11
D561,F3,P109,329.39,8.23,12.5,1,2026-04-05
D562,F3,P74,180.62,4.52,6.96,1,2026-04-11
D563,F1,P141,683.49,17.09,28.15,1,2026-04-16
D564,F5,P82,657.6,16.44,30.13,1,2026-04-08
D565,F4,P94,558.25,13.96,24.92,1,2026-04-30
D566,F5,P5,426.06,10.65,20.09,1,2026-04-08
D567,F3,P117,749.65,18.74,37.07,1,2026-04-04
D568,F4,P119,491.17,12.28,15.05,1,2026-04-10
D569,F2,P160,537.43,13.44,17.18,1,2026-04-01
D570,F3,P91,174.81,4.37,7.38,1,2026-04-02
D571,F5,P121,671.93,16.8,29.15,1,2026-04-09
D572,F4,P83,209.96,5.25,8.56,1,2026-04-12
D573,F5,P106,696.53,17.41,24.2,1,2026-04-11
D574,F2,P119,118.47,2.96,6.07,1,2026-04-04
D575,F2,P183,488.53,12.21,23.88,1,2026-04-21
D576,F3,P9,75.41,1.89,3.67,1,2026-04-07
D577,F5,P32,879.92,22.0,29.02,1,2026-04-05
D578,F3,P190,420.3,10.51,19.58,1,2026-04-02
D579,F2,P195,562.19,14.05,29.1,1,2026-04-15
D580,F5,P177,174.58,4.36,8.83,1,2026-04-22
D581,F1,P172,429.53,10.74,24.95,1,2026-04-04
D582,F1,P68,461.38,11.53,17.29,1,2026-04-06
D583,F4,P118,420.07,10.5,22.33,1,2026-04-07
D584,F3,P153,675.19,16.88,23.54,1,2026-04-05
D585,F1,P177,528.67,13.22,24.95,1,2026-04-06
D586,F5,P147,545.72,13.64,22.89,1,2026-04-11
D587,F2,P177,344.87,8.62,16.45,1,2026-04-08
D588,F4,P38,703.74,17.59,33.17,1,2026-04-02
D589,F2,P63,252.54,6.31,9.01,1,2026-04-05
D590,F2,P167,302.88,7.57,11.19,1,2026-04-25
D591,F5,P64,723.75,18.09,34.18,1,2026-04-09
D592,F2,P57,65.61,1.64,3.28,1,2026-04-15
D593,F2,P83,354.66,8.87,17.21,1,2026-04-27
D594,F1,P156,861.77,21.54,39.65,1,2026-04-08
D595,F5,P57,411.7,10.29,15.39,1,2026-04-19
D596,F2,P189,374.38,9.36,17.01,1,2026-04-02
D597,F2,P127,267.7,6.69,11.23,1,2026-04-29
D598,F3,P59,672.94,16.82,21.99,1,2026-04-20
D599,F3,P21,443.02,11.08,19.21,1,2026-04-09
D600,F5,P140,579.0,14.48,22.07,1,2026-04-30
D601,F4,P57,473.58,11.84,19.72,1,2026-04-26
D602,F4,P48,736.88,18.42,30.55,1,2026-04-23
D603,F2,P135,351.58,8.79,19.26,1,2026-04-08
D604,F2,P190,186.63,4.67,6.9,1,2026-04-09
D605,F5,P76,753.36,18.83,33.02,1,2026-04-29
D606,F2,P174,255.09,6.38,13.3,1,2026-04-08
D607,F2,P13,320.29,8.01,11.03,1,2026-04-01
D608,F5,P155,477.82,11.95,24.54,1,2026-04-27
D609,F4,P93,782.77,19.57,31.94,1,2026-04-26
D610,F5,P41,235.84,5.9,10.39,1,2026-04-27
D611,F2,P39,362.05,9.05,15.07,1,2026-04-06
D612,F5,P71,174.76,4.37,8.03,1,2026-04-23
D613,F1,P113,103.33,2.58,4.5,1,2026-04-26
D614,F5,P45,490.92,12.27,16.44,1,2026-04-26
D615,F1,P67,282.15,7.05,9.72,1,2026-04-17
D616,F4,P14,563.96,14.1,23.08,1,2026-04-22
D617,F2,P166,484.93,12.12,23.29,1,2026-04-15
D618,F3,P113,578.13,14.45,25.12,1,2026-04-23
D619,F5,P138,165.68,4.14,6.73,1,2026-04-14
D620,F3,P65,628.08,15.7,23.53,1,2026-04-01
D621,F1,P174,490.0,12.25,15.55,1,2026-04-01
D622,F2,P43,150.04,3.75,6.51,1,2026-04-27
D623,F2,P35,143.0,3.57,6.38,1,2026-04-11
D624,F5,P143,501.58,12.54,29.24,1,2026-04-04
D625,F4,P107,470.89,11.77,18.66,1,2026-04-21
D626,F5,P25,130.53,3.26,6.59,1,2026-04-08
D627,F3,P198,198.44,4.96,6.63,1,2026-04-10
D628,F1,P115,355.51,8.89,15.16,1,2026-04-18
D629,F3,P117,749.65,18.74,25.42,1,2026-04-12
D630,F4,P54,202.61,5.07,9.07,1,2026-04-06
D631,F4,P171,519.78,12.99,22.18,1,2026-04-14
D632,F5,P30,657.75,16.44,21.42,1,2026-04-25
D633,F5,P66,243.42,6.09,10.21,1,2026-04-23
D634,F3,P144,768.57,19.21,36.08,1,2026-04-06
D635,F4,P65,293.29,7.33,9.21,1,2026-04-25
D636,F2,P8,405.51,10.14,19.47,1,2026-04-22
D637,F5,P125,593.61,14.84,18.66,1,2026-04-01
D638,F3,P42,645.45,16.14,23.32,1,2026-04-18
D639,F2,P105,473.4,11.83,17.16,1,2026-04-19
D640,F2,P98,504.69,12.62,22.81,1,2026-04-07
D641,F5,P163,289.34,7.23,11.18,1,2026-04-21
D642,F1,P38,467.75,11.69,15.09,1,2026-04-25
D643,F3,P82,206.86,5.17,6.92,1,2026-04-05
D644,F3,P111,502.6,12.57,23.67,1,2026-04-02
D645,F5,P89,84.99,2.12,3.64,1,2026-04-28
D646,F2,P134,245.2,6.13,12.0,1,2026-04-02
D647,F5,P125,593.61,14.84,23.44,1,2026-04-15
D648,F1,P200,398.4,9.96,13.86,1,2026-04-28
D649,F3,P47,251.52,6.29,11.58,1,2026-04-21
D650,F5,P188,76.22,1.91,2.81,1,2026-04-26
D651,F2,P176,378.59,9.46,18.23,1,2026-04-04
D652,F4,P147,335.44,8.39,15.24,1,2026-04-16
D653,F5,P30,657.75,16.44,28.85,1,2026-04-18
D654,F3,P33,581.89,14.55,21.51,1,2026-04-17
D655,F4,P136,828.32,20.71,34.59,1,2026-04-15
D656,F5,P152,94.71,2.37,3.47,1,2026-04-20
D657,F1,P64,205.38,5.13,9.75,1,2026-04-15
D658,F3,P112,162.98,4.07,6.74,1,2026-04-29
D659,F5,P140,579.0,14.48,21.19,1,2026-04-14
D660,F4,P177,336.82,8.42,12.99,1,2026-04-16
D661,F2,P37,504.14,12.6,18.83,1,2026-04-19
D662,F3,P50,497.79,12.44,18.43,1,2026-04-24
D663,F3,P12,162.62,4.07,6.36,1,2026-04-03
D664,F1,P57,437.29,10.93,15.91,1,2026-04-05
D665,F4,P130,690.75,17.27,25.46,1,2026-04-09
D666,F4,P94,558.25,13.96,19.99,1,2026-04-20
D667,F1,P2,507.02,12.68,21.49,1,2026-04-06
D668,F4,P136,828.32,20.71,30.42,1,2026-04-06
D669,F1,P158,585.94,14.65,21.85,1,2026-04-01
D670,F3,P56,631.46,15.79,25.92,1,2026-04-01
D671,F1,P18,497.84,12.45,26.17,1,2026-04-27
D672,F2,P24,357.09,8.93,11.65,1,2026-04-01
D673,F5,P48,733.63,18.34,27.33,1,2026-04-28
D674,F2,P161,533.86,13.35,23.49,1,2026-04-26
D675,F4,P115,286.24,7.16,14.54,1,2026-04-27
D676,F2,P83,354.66,8.87,18.07,1,2026-04-13
D677,F1,P185,636.58,15.91,26.75,1,2026-04-14
D678,F1,P83,392.01,9.8,14.73,1,2026-04-03
D679,F3,P20,479.97,12.0,18.34,1,2026-04-29
D680,F5,P188,76.22,1.91,3.24,1,2026-04-06
D681,F4,P130,690.75,17.27,28.3,1,2026-04-03
D682,F5,P43,426.31,10.66,23.98,1,2026-04-27
D683,F4,P8,720.11,18.0,27.97,1,2026-04-01
D684,F1,P160,61.61,1.54,2.57,1,2026-04-06
D685,F2,P22,346.48,8.66,16.78,1,2026-04-06
D686,F3,P180,432.88,10.82,18.76,1,2026-04-06
D687,F5,P108,595.92,14.9,21.49,1,2026-04-17
D688,F2,P127,267.7,6.69,11.74,1,2026-04-11
D689,F4,P24,813.48,20.34,39.95,1,2026-04-15
D690,F5,P12,584.61,14.62,21.84,1,2026-04-26
D691,F1,P27,495.48,12.39,21.73,1,2026-04-21
D692,F3,P77,586.95,14.67,21.9,1,2026-04-24
D693,F2,P54,339.52,8.49,14.77,1,2026-04-09
D694,F4,P134,342.16,8.55,13.37,1,2026-04-26
D695,F4,P44,767.98,19.2,38.74,1,2026-04-22
D696,F5,P109,607.34,15.18,30.54,1,2026-04-04
D697,F1,P130,708.39,17.71,23.82,1,2026-04-28
D698,F2,P96,364.19,9.1,13.45,1,2026-04-14
D699,F4,P75,207.5,5.19,7.73,1,2026-04-24
D700,F5,P137,605.5,15.14,23.61,1,2026-04-13
D701,F5,P52,137.77,3.44,5.75,1,2026-04-14
D702,F5,P182,531.54,13.29,23.95,1,2026-04-07
D703,F2,P84,212.01,5.3,8.09,1,2026-04-05
D704,F4,P131,289.08,7.23,12.31,1,2026-04-15
D705,F2,P60,350.23,8.76,12.48,1,2026-04-05
D706,F3,P156,506.07,12.65,19.63,1,2026-04-20
D707,F3,P177,611.8,15.3,22.5,1,2026-04-14
D708,F4,P39,443.41,11.09,17.91,1,2026-04-21
D709,F5,P134,490.11,12.25,18.42,1,2026-04-20
D710,F2,P19,385.01,9.63,15.78,1,2026-04-12
D711,F5,P191,663.16,16.58,21.82,1,2026-04-25
D712,F2,P178,518.52,12.96,24.86,1,2026-04-23
D713,F5,P42,632.82,15.82,30.56,1,2026-04-09
D714,F2,P101,334.72,8.37,12.14,1,2026-04-05
D715,F5,P63,655.19,16.38,24.48,1,2026-04-30
D716,F1,P114,331.39,8.28,16.52,1,2026-04-07
D717,F4,P4,582.14,14.55,22.3,1,2026-04-18
D718,F4,P135,558.3,13.96,20.25,1,2026-04-05
D719,F4,P21,463.88,11.6,22.84,1,2026-04-04
D720,F1,P113,103.33,2.58,3.64,1,2026-04-12
D721,F5,P186,403.73,10.09,22.56,1,2026-04-27
D722,F5,P134,490.11,12.25,20.85,1,2026-04-28
D723,F4,P70,742.25,18.56,29.62,1,2026-04-21
D724,F5,P5,426.06,10.65,16.08,1,2026-04-30
D725,F2,P63,252.54,6.31,11.07,1,2026-04-13
D726,F1,P179,264.12,6.6,10.51,1,2026-04-14
D727,F2,P193,71.5,1.79,2.68,1,2026-04-10
D728,F5,P63,655.19,16.38,29.88,1,2026-04-02
D729,F5,P195,136.35,3.41,5.64,1,2026-04-19
D730,F2,P73,345.81,8.65,11.2,1,2026-04-12
D731,F4,P160,321.82,8.05,13.8,1,2026-04-11
D732,F2,P168,217.53,5.44,9.32,1,2026-04-08
D733,F3,P62,628.13,15.7,26.04,1,2026-04-13
D734,F3,P24,88.14,2.2,3.18,1,2026-04-01
D735,F1,P179,264.12,6.6,13.98,1,2026-04-02
D736,F3,P138,780.84,19.52,27.31,1,2026-04-20
D737,F5,P79,167.18,4.18,7.36,1,2026-04-27
D738,F4,P192,345.73,8.64,10.76,1,2026-04-25
D739,F4,P109,839.78,20.99,34.99,1,2026-04-18
D740,F2,P2,75.91,1.9,3.92,1,2026-04-02
D741,F5,P16,342.04,8.55,11.74,1,2026-04-20
D742,F4,P198,590.5,14.76,22.32,1,2026-04-20
D743,F1,P41,510.9,12.77,17.84,1,2026-04-16
D744,F4,P45,512.81,12.82,15.64,1,2026-04-24
D745,F2,P6,343.61,8.59,14.02,1,2026-04-13
D746,F1,P132,293.09,7.33,12.67,1,2026-04-09
D747,F3,P142,361.82,9.05,17.86,1,2026-04-07
D748,F1,P23,354.92,8.87,13.13,1,2026-04-06
D749,F5,P25,130.53,3.26,5.06,1,2026-04-06
D750,F4,P54,202.61,5.07,7.85,1,2026-04-30
D751,F1,P81,161.99,4.05,6.66,1,2026-04-19
D752,F4,P14,563.96,14.1,26.23,1,2026-04-14
D753,F1,P10,830.11,20.75,32.71,1,2026-04-01
D754,F1,P43,355.51,8.89,16.17,1,2026-04-03
D755,F3,P26,810.98,20.27,43.37,1,2026-04-27
D756,F5,P52,137.77,3.44,5.48,1,2026-04-14
D757,F2,P114,469.93,11.75,20.04,1,2026-04-29
D758,F1,P155,521.67,13.04,21.82,1,2026-04-26
D759,F4,P62,456.91,11.42,23.15,1,2026-04-02
D760,F4,P173,101.85,2.55,3.56,1,2026-04-03
D761,F1,P110,354.04,8.85,18.2,1,2026-04-07
D762,F1,P192,523.01,13.08,22.45,1,2026-04-30
D763,F3,P56,631.46,15.79,32.22,1,2026-04-02
D764,F5,P17,600.16,15.0,27.36,1,2026-04-03
D765,F3,P199,566.78,14.17,23.81,1,2026-04-15
D766,F1,P79,759.18,18.98,30.51,1,2026-04-17
D767,F2,P17,613.3,15.33,25.07,1,2026-04-18
D768,F1,P131,560.93,14.02,19.77,1,2026-04-11
D769,F3,P97,508.45,12.71,17.57,1,2026-04-05
D770,F5,P20,366.93,9.17,18.03,1,2026-04-22
D771,F4,P47,482.3,12.06,19.14,1,2026-04-26
D772,F3,P40,739.68,18.49,34.13,1,2026-04-23
D773,F3,P31,69.42,1.74,3.39,1,2026-04-08
D774,F3,P31,69.42,1.74,3.71,1,2026-04-04
D775,F1,P47,302.21,7.56,11.59,1,2026-04-21
D776,F4,P167,803.13,20.08,24.35,1,2026-04-20
D777,F1,P161,847.66,21.19,34.5,1,2026-04-19
D778,F4,P153,219.67,5.49,7.96,1,2026-04-30
D779,F1,P70,796.36,19.91,32.59,1,2026-04-16
D780,F4,P43,397.84,9.95,14.58,1,2026-04-10
D781,F1,P199,777.43,19.44,33.85,1,2026-04-07
D782,F5,P53,660.82,16.52,24.2,1,2026-04-17
D783,F4,P105,525.78,13.14,18.95,1,2026-04-28
D784,F2,P88,389.39,9.73,12.35,1,2026-04-12
D785,F5,P86,305.16,7.63,14.87,1,2026-04-21
D786,F3,P179,472.8,11.82,17.74,1,2026-04-14
D787,F5,P4,94.01,2.35,3.82,1,2026-04-06
D788,F4,P87,862.12,21.55,31.96,1,2026-04-11
D789,F4,P50,571.14,14.28,26.34,1,2026-04-15
D790,F4,P59,519.18,12.98,16.89,1,2026-04-01
D791,F1,P33,762.42,19.06,28.51,1,2026-04-25
D792,F5,P105,793.91,19.85,24.54,1,2026-04-25
D793,F5,P98,758.13,18.95,27.89,1,2026-04-16
D794,F3,P73,207.63,5.19,10.78,1,2026-04-08
D795,F2,P125,354.12,8.85,13.55,1,2026-04-05
D796,F4,P99,634.03,15.85,24.38,1,2026-04-05
D797,F4,P193,469.24,11.73,16.53,1,2026-04-11
D798,F2,P112,353.81,8.85,15.93,1,2026-04-11
D799,F4,P31,775.02,19.38,32.96,1,2026-04-23
D800,F4,P153,219.67,5.49,8.93,1,2026-04-16
D801,F5,P47,585.97,14.65,18.94,1,2026-04-05
D802,F3,P192,591.84,14.8,22.25,1,2026-04-30
D803,F3,P133,744.9,18.62,39.92,1,2026-04-22
D804,F3,P138,780.84,19.52,39.45,1,2026-04-22
D805,F2,P81,355.01,8.88,14.94,1,2026-04-14
D806,F4,P137,827.77,20.69,33.76,1,2026-04-22
D807,F3,P28,728.26,18.21,34.97,1,2026-04-15
D808,F2,P31,344.68,8.62,11.92,1,2026-04-25
D809,F5,P6,754.82,18.87,34.03,1,2026-04-15
D810,F2,P112,353.81,8.85,13.51,1,2026-04-24
D811,F3,P147,404.62,10.12,17.81,1,2026-04-14
D812,F5,P51,655.5,16.39,25.18,1,2026-04-19
D813,F5,P197,703.76,17.59,36.94,1,2026-04-07
D814,F2,P27,160.53,4.01,6.43,1,2026-04-19
D815,F3,P72,128.95,3.22,3.89,1,2026-04-20
D816,F4,P69,378.59,9.46,15.06,1,2026-04-30
D817,F2,P49,403.59,10.09,17.67,1,2026-04-07
D818,F1,P12,408.29,10.21,19.61,1,2026-04-07
D819,F5,P191,663.16,16.58,30.5,1,2026-04-08
D820,F2,P138,511.43,12.79,20.24,1,2026-04-12
D821,F1,P101,183.55,4.59,8.15,1,2026-04-21
D822,F4,P47,482.3,12.06,19.62,1,2026-04-06
D823,F2,P149,458.45,11.46,16.52,1,2026-04-16
D824,F1,P84,701.87,17.55,29.92,1,2026-04-26
D825,F5,P152,94.71,2.37,3.74,1,2026-04-13
D826,F5,P53,660.82,16.52,20.33,1,2026-04-10
D827,F1,P10,830.11,20.75,41.76,1,2026-04-07
D828,F2,P52,375.77,9.39,15.71,1,2026-04-14
D829,F2,P149,458.45,11.46,17.65,1,2026-04-30
D830,F1,P15,576.34,14.41,24.85,1,2026-04-30
D831,F2,P66,401.98,10.05,12.53,1,2026-04-20
D832,F4,P61,660.05,16.5,31.23,1,2026-04-21
D833,F3,P128,541.73,13.54,19.07,1,2026-04-16
D834,F4,P193,469.24,11.73,18.56,1,2026-04-14
D835,F3,P111,502.6,12.57,28.34,1,2026-04-04
D836,F4,P62,456.91,11.42,16.06,1,2026-04-10
D837,F5,P176,83.39,2.08,3.49,1,2026-04-17
D838,F2,P145,408.02,10.2,16.59,1,2026-04-18
D839,F2,P4,451.69,11.29,20.12,1,2026-04-27
D840,F2,P19,385.01,9.63,14.7,1,2026-04-20
D841,F1,P50,654.32,16.36,27.99,1,2026-04-17
D842,F1,P129,879.0,21.98,35.33,1,2026-04-17
D843,F4,P57,473.58,11.84,21.36,1,2026-04-11
D844,F4,P156,846.37,21.16,40.14,1,2026-04-21
D845,F1,P185,636.58,15.91,26.7,1,2026-04-16
D846,F4,P1,622.2,15.56,25.28,1,2026-04-06
D847,F2,P66,401.98,10.05,16.9,1,2026-04-18
D848,F2,P64,631.66,15.79,25.36,1,2026-04-16
D849,F4,P116,512.33,12.81,21.09,1,2026-04-29
D850,F2,P60,350.23,8.76,14.47,1,2026-04-07
D851,F3,P39,638.0,15.95,25.57,1,2026-04-29
D852,F5,P150,463.46,11.59,16.76,1,2026-04-28
D853,F3,P65,628.08,15.7,33.0,1,2026-04-22
D854,F3,P8,639.33,15.98,22.22,1,2026-04-25
D855,F4,P129,636.92,15.92,27.49,1,2026-04-21
D856,F4,P49,587.23,14.68,26.91,1,2026-04-08
D857,F2,P123,271.5,6.79,8.17,1,2026-04-25
D858,F5,P4,94.01,2.35,3.91,1,2026-04-15
D859,F1,P90,303.72,7.59,13.4,1,2026-04-15
D860,F1,P127,476.53,11.91,16.34,1,2026-04-17
D861,F4,P168,430.2,10.76,18.79,1,2026-04-26
D862,F1,P126,461.52,11.54,23.77,1,2026-04-15
D863,F3,P196,233.36,5.83,7.3,1,2026-04-20
D864,F5,P22,772.7,19.32,25.52,1,2026-04-28
D865,F1,P109,773.58,19.34,24.69,1,2026-04-01
D866,F1,P159,800.99,20.02,31.35,1,2026-04-17
D867,F1,P84,701.87,17.55,33.61,1,2026-04-06
D868,F1,P63,355.63,8.89,16.34,1,2026-04-08
D869,F4,P27,436.56,10.91,17.45,1,2026-04-16
D870,F2,P23,135.04,3.38,5.1,1,2026-04-05
D871,F4,P149,261.69,6.54,8.15,1,2026-04-24
D872,F1,P53,42.2,1.06,1.64,1,2026-04-16
D873,F2,P33,337.58,8.44,20.1,1,2026-04-04
D874,F2,P95,482.11,12.05,20.42,1,2026-04-17
D875,F4,P54,202.61,5.07,7.94,1,2026-04-12
D876,F4,P101,276.03,6.9,12.11,1,2026-04-23
D877,F1,P57,437.29,10.93,17.15,1,2026-04-19
D878,F4,P21,463.88,11.6,23.82,1,2026-04-22
D879,F5,P96,708.8,17.72,24.3,1,2026-04-29
D880,F4,P60,204.86,5.12,7.65,1,2026-04-21
D881,F2,P18,138.16,3.45,6.42,1,2026-04-23
D882,F5,P25,130.53,3.26,6.05,1,2026-04-06
D883,F5,P11,67.21,1.68,3.65,1,2026-04-04
D884,F4,P170,798.88,19.97,36.51,1,2026-04-08
D885,F3,P33,581.89,14.55,24.4,1,2026-04-21
D886,F2,P134,245.2,6.13,8.19,1,2026-04-19
D887,F2,P99,532.91,13.32,26.78,1,2026-04-02
D888,F5,P66,243.42,6.09,13.34,1,2026-04-27
D889,F5,P129,181.57,4.54,6.66,1,2026-04-26
D890,F2,P20,264.31,6.61,11.65,1,2026-04-03
D891,F3,P21,443.02,11.08,24.2,1,2026-04-02
D892,F2,P45,83.75,2.09,3.5,1,2026-04-15
D893,F4,P66,688.08,17.2,35.94,1,2026-04-07
D894,F2,P109,304.99,7.62,15.83,1,2026-04-02
D895,F1,P22,454.76,11.37,22.48,1,2026-04-15
D896,F2,P6,343.61,8.59,14.08,1,2026-04-12
D897,F3,P168,299.38,7.48,10.18,1,2026-04-26
D898,F3,P99,802.34,20.06,32.62,1,2026-04-01
D899,F2,P177,344.87,8.62,13.34,1,2026-04-11
D900,F3,P184,752.16,18.8,28.24,1,2026-04-06
D901,F1,P44,774.84,19.37,35.95,1,2026-04-07
D902,F1,P57,437.29,10.93,16.42,1,2026-04-18
D903,F3,P82,206.86,5.17,6.94,1,2026-04-24
D904,F2,P14,296.96,7.42,11.56,1,2026-04-09
D905,F3,P174,46.06,1.15,1.97,1,2026-04-27
D906,F2,P127,267.7,6.69,10.85,1,2026-04-18
D907,F4,P25,425.37,10.63,18.32,1,2026-04-06
D908,F1,P152,770.23,19.26,34.64,1,2026-04-23
D909,F1,P113,103.33,2.58,4.79,1,2026-04-13
D910,F1,P34,250.33,6.26,7.64,1,2026-04-25
D911,F1,P5,549.11,13.73,21.35,1,2026-04-24
D912,F5,P58,459.81,11.5,19.31,1,2026-04-05
D913,F4,P153,219.67,5.49,9.54,1,2026-04-08
D914,F5,P24,790.88,19.77,30.49,1,2026-04-06
D915,F1,P151,659.01,16.48,27.9,1,2026-04-28
D916,F1,P74,415.07,10.38,19.31,1,2026-04-21
D917,F5,P11,67.21,1.68,2.98,1,2026-04-30
D918,F1,P62,634.12,15.85,28.72,1,2026-04-21
D919,F2,P80,308.18,7.7,11.03,1,2026-04-10
D920,F1,P16,370.9,9.27,13.89,1,2026-04-17
D921,F1,P114,331.39,8.28,14.22,1,2026-04-06
D922,F5,P169,777.56,19.44,28.1,1,2026-04-12
D923,F2,P138,511.43,12.79,24.87,1,2026-04-13
D924,F4,P48,736.88,18.42,27.97,1,2026-04-11
D925,F2,P80,308.18,7.7,11.67,1,2026-04-28
D926,F2,P35,143.0,3.57,4.88,1,2026-04-05
D927,F4,P175,681.33,17.03,28.87,1,2026-04-06
D928,F5,P81,653.13,16.33,24.87,1,2026-04-09
D929,F2,P93,425.91,10.65,22.44,1,2026-04-04
D930,F4,P97,304.85,7.62,11.77,1,2026-04-10
D931,F5,P116,788.05,19.7,32.61,1,2026-04-30
D932,F5,P117,143.99,3.6,4.46,1,2026-04-25
D933,F4,P30,659.68,16.49,24.3,1,2026-04-29
D934,F2,P150,353.71,8.84,12.6,1,2026-04-14
D935,F2,P163,223.11,5.58,10.54,1,2026-04-13
D936,F1,P23,354.92,8.87,11.67,1,2026-04-01
D937,F5,P155,477.82,11.95,21.96,1,2026-04-06
D938,F3,P44,437.17,10.93,17.97,1,2026-04-13
D939,F4,P148,507.71,12.69,18.82,1,2026-04-14
D940,F3,P123,545.93,13.65,27.34,1,2026-04-07
D941,F4,P184,270.43,6.76,12.1,1,2026-04-14
D942,F4,P1,622.2,15.56,30.11,1,2026-04-13
D943,F4,P57,473.58,11.84,18.52,1,2026-04-28
D944,F5,P34,462.59,11.56,16.41,1,2026-04-28
D945,F1,P96,796.02,19.9,40.95,1,2026-04-07
D946,F1,P56,700.76,17.52,39.46,1,2026-04-27
D947,F4,P165,806.12,20.15,28.37,1,2026-04-05
D948,F1,P176,619.17,15.48,25.08,1,2026-04-13
D949,F5,P19,818.97,20.47,34.7,1,2026-04-29
D950,F4,P143,315.82,7.9,15.38,1,2026-04-08
D951,F3,P35,178.04,4.45,7.3,1,2026-04-17
D952,F1,P96,796.02,19.9,28.99,1,2026-04-17
D953,F2,P113,480.03,12.0,20.95,1,2026-04-07
D954,F5,P149,235.23,5.88,7.09,1,2026-04-24
D955,F5,P79,167.18,4.18,7.87,1,2026-04-07
D956,F2,P9,323.92,8.1,14.76,1,2026-04-15
D957,F5,P3,712.02,17.8,32.36,1,2026-04-03
D958,F2,P102,164.65,4.12,5.21,1,2026-04-10
D959,F1,P62,634.12,15.85,26.84,1,2026-04-23
D960,F1,P151,659.01,16.48,28.71,1,2026-04-18
D961,F3,P118,668.44,16.71,31.88,1,2026-04-21
D962,F1,P191,329.46,8.24,10.64,1,2026-04-05
D963,F1,P165,513.41,12.84,24.56,1,2026-04-21
D964,F5,P47,585.97,14.65,25.81,1,2026-04-09
D965,F5,P165,924.28,23.11,32.21,1,2026-04-11
D966,F3,P193,308.96,7.72,14.4,1,2026-04-04
D967,F4,P78,586.58,14.66,29.77,1,2026-04-02
D968,F3,P66,646.38,16.16,28.94,1,2026-04-11
D969,F5,P9,754.79,18.87,36.04,1,2026-04-09
D970,F3,P129,874.89,21.87,32.35,1,2026-04-17
D971,F5,P86,305.16,7.63,13.48,1,2026-04-15
D972,F4,P85,253.88,6.35,9.64,1,2026-04-10
D973,F3,P135,620.62,15.52,33.1,1,2026-04-04
D974,F4,P166,653.29,16.33,31.44,1,2026-04-02
D975,F3,P62,628.13,15.7,23.86,1,2026-04-26
D976,F3,P167,107.07,2.68,4.0,1,2026-04-10
D977,F3,P71,544.06,13.6,24.41,1,2026-04-15
D978,F5,P4,94.01,2.35,4.3,1,2026-04-09
D979,F5,P4,94.01,2.35,3.48,1,2026-04-06
D980,F2,P188,451.45,11.29,14.92,1,2026-04-10
D981,F5,P158,151.0,3.78,5.77,1,2026-04-14
D982,F5,P148,61.31,1.53,2.06,1,2026-04-05
D983,F4,P34,283.16,7.08,12.4,1,2026-04-16
D984,F5,P27,285.1,7.13,9.99,1,2026-04-01
D985,F1,P67,282.15,7.05,11.17,1,2026-04-06
D986,F5,P88,705.19,17.63,29.3,1,2026-04-16
D987,F1,P159,800.99,20.02,35.16,1,2026-04-15
D988,F3,P88,370.46,9.26,18.67,1,2026-04-27
D989,F2,P55,535.98,13.4,23.35,1,2026-04-16
D990,F3,P79,642.06,16.05,25.96,1,2026-04-14
D991,F5,P117,143.99,3.6,5.75,1,2026-04-13
D992,F1,P32,488.15,12.2,19.81,1,2026-04-11
D993,F4,P77,505.78,12.64,20.83,1,2026-04-23
D994,F5,P126,571.56,14.29,23.81,1,2026-04-05
D995,F2,P115,254.66,6.37,9.06,1,2026-04-24
D996,F2,P175,269.75,6.74,12.47,1,2026-04-06
D997,F2,P32,456.76,11.42,19.18,1,2026-04-15
D998,F4,P102,695.22,17.38,30.54,1,2026-04-14
D999,F4,P194,479.12,11.98,21.91,1,2026-04-09
D1000,F1,P182,253.1,6.33,11.4,1,2026-04-07
D1001,F2,P4,451.69,11.29,17.24,1,2026-04-25
D1002,F1,P17,319.63,7.99,11.03,1,2026-04-01
D1003,F2,P34,281.96,7.05,10.92,1,2026-04-28
D1004,F4,P172,566.81,14.17,22.06,1,2026-04-05
D1005,F3,P146,754.4,18.86,31.9,1,2026-04-28
D1006,F5,P42,632.82,15.82,31.84,1,2026-04-13
D1007,F1,P196,526.69,13.17,20.68,1,2026-04-24
D1008,F2,P186,188.61,4.72,7.79,1,2026-04-14
D1009,F2,P96,364.19,9.1,16.45,1,2026-04-23
D1010,F3,P176,653.73,16.34,29.13,1,2026-04-02
D1011,F5,P48,733.63,18.34,22.59,1,2026-04-10
D1012,F3,P114,329.76,8.24,13.49,1,2026-04-05
D1013,F3,P111,502.6,12.57,16.38,1,2026-04-10
D1014,F4,P114,647.27,16.18,27.36,1,2026-04-15
D1015,F5,P89,84.99,2.12,3.15,1,2026-04-12
D1016,F5,P92,862.75,21.57,38.05,1,2026-04-11
D1017,F5,P118,75.97,1.9,3.32,1,2026-04-14
D1018,F1,P105,192.84,4.82,8.72,1,2026-04-02
D1019,F2,P59,398.56,9.96,19.65,1,2026-04-07
D1020,F4,P159,558.41,13.96,26.05,1,2026-04-30
D1021,F3,P9,75.41,1.89,3.85,1,2026-04-02
D1022,F5,P98,758.13,18.95,34.01,1,2026-04-09
D1023,F1,P159,800.99,20.02,32.17,1,2026-04-16
D1024,F4,P165,806.12,20.15,31.18,1,2026-04-19
D1025,F3,P119,394.4,9.86,13.82,1,2026-04-20
D1026,F4,P196,808.76,20.22,28.12,1,2026-04-29
D1027,F1,P62,634.12,15.85,25.67,1,2026-04-16
D1028,F4,P42,201.14,5.03,11.23,1,2026-04-04
D1029,F4,P17,109.11,2.73,5.5,1,2026-04-15
D1030,F3,P31,69.42,1.74,2.24,1,2026-04-24
D1031,F5,P37,722.44,18.06,28.12,1,2026-04-12
D1032,F3,P122,586.95,14.67,26.42,1,2026-04-09
D1033,F5,P107,268.72,6.72,10.2,1,2026-04-09
D1034,F4,P103,471.37,11.78,20.12,1,2026-04-14
D1035,F4,P119,491.17,12.28,17.62,1,2026-04-05
D1036,F5,P42,632.82,15.82,22.32,1,2026-04-20
D1037,F2,P10,425.4,10.63,16.27,1,2026-04-09
D1038,F4,P83,209.96,5.25,10.4,1,2026-04-04
D1039,F1,P77,650.09,16.25,30.63,1,2026-04-08
D1040,F3,P64,728.47,18.21,25.87,1,2026-04-01
D1041,F3,P164,527.37,13.18,19.02,1,2026-04-24
D1042,F4,P68,579.75,14.49,25.38,1,2026-04-11
D1043,F1,P172,429.53,10.74,16.84,1,2026-04-11
D1044,F3,P49,671.11,16.78,29.19,1,2026-04-02
D1045,F3,P42,645.45,16.14,19.77,1,2026-04-25
D1046,F5,P112,765.24,19.13,44.9,1,2026-04-04
D1047,F2,P123,271.5,6.79,9.54,1,2026-04-10
D1048,F3,P80,192.43,4.81,8.39,1,2026-04-14
D1049,F1,P198,494.85,12.37,15.74,1,2026-04-12
D1050,F4,P62,456.91,11.42,24.65,1,2026-04-02
D1051,F5,P62,85.29,2.13,3.49,1,2026-04-21
D1052,F3,P57,312.45,7.81,13.7,1,2026-04-15
D1053,F3,P139,380.53,9.51,17.77,1,2026-04-07
D1054,F5,P177,174.58,4.36,6.31,1,2026-04-25
D1055,F1,P109,773.58,19.34,36.31,1,2026-04-06
D1056,F5,P40,484.75,12.12,21.95,1,2026-04-03
D1057,F3,P106,432.29,10.81,16.36,1,2026-04-11
D1058,F3,P144,768.57,19.21,27.78,1,2026-04-25
D1059,F2,P111,388.36,9.71,15.0,1,2026-04-17
D1060,F3,P124,564.08,14.1,26.42,1,2026-04-15
D1061,F1,P133,451.6,11.29,18.43,1,2026-04-22
D1062,F1,P114,331.39,8.28,13.92,1,2026-04-28
D1063,F4,P44,767.98,19.2,29.01,1,2026-04-25
D1064,F1,P197,18.25,0.46,0.63,1,2026-04-03
D1065,F5,P133,376.92,9.42,11.88,1,2026-04-01
D1066,F4,P30,659.68,16.49,35.13,1,2026-04-27
D1067,F5,P100,277.15,6.93,9.55,1,2026-04-17
D1068,F3,P143,413.23,10.33,19.94,1,2026-04-27
D1069,F1,P188,659.7,16.49,23.77,1,2026-04-17
D1070,F4,P24,813.48,20.34,33.06,1,2026-04-18
D1071,F1,P123,618.7,15.47,22.64,1,2026-04-29
D1072,F5,P74,784.7,19.62,30.4,1,2026-04-18
D1073,F4,P92,747.07,18.68,27.81,1,2026-04-17
D1074,F4,P152,581.06,14.53,21.71,1,2026-04-05
D1075,F3,P44,437.17,10.93,19.02,1,2026-04-22
D1076,F5,P174,690.09,17.25,23.3,1,2026-04-24
D1077,F4,P58,693.19,17.33,35.62,1,2026-04-04
D1078,F1,P21,130.24,3.26,7.04,1,2026-04-07
D1079,F1,P130,708.39,17.71,27.88,1,2026-04-05
D1080,F3,P73,207.63,5.19,8.71,1,2026-04-17
D1081,F4,P150,813.95,20.35,29.6,1,2026-04-12
D1082,F3,P115,477.39,11.93,23.05,1,2026-04-09
D1083,F1,P58,667.61,16.69,24.11,1,2026-04-20
D1084,F3,P30,67.63,1.69,2.62,1,2026-04-19
D1085,F4,P131,289.08,7.23,12.19,1,2026-04-16
D1086,F3,P95,531.96,13.3,21.17,1,2026-04-01
D1087,F2,P41,431.57,10.79,14.72,1,2026-04-01
D1088,F1,P55,626.45,15.66,26.42,1,2026-04-02
D1089,F3,P165,264.07,6.6,13.47,1,2026-04-13
D1090,F3,P103,298.85,7.47,9.77,1,2026-04-19
D1091,F3,P105,415.62,10.39,18.19,1,2026-04-30
D1092,F1,P72,571.71,14.29,22.29,1,2026-04-13
D1093,F1,P74,415.07,10.38,17.29,1,2026-04-05
D1094,F2,P192,324.14,8.1,13.06,1,2026-04-03
D1095,F5,P126,571.56,14.29,20.43,1,2026-04-05
D1096,F5,P162,757.12,18.93,23.23,1,2026-04-24
D1097,F2,P181,280.71,7.02,12.76,1,2026-04-30
D1098,F3,P90,263.11,6.58,12.02,1,2026-04-07
D1099,F5,P90,747.6,18.69,33.1,1,2026-04-27
D1100,F3,P55,799.76,19.99,35.25,1,2026-04-29
D1101,F1,P30,479.53,11.99,24.12,1,2026-04-02
D1102,F2,P160,537.43,13.44,21.59,1,2026-04-15
D1103,F2,P14,296.96,7.42,13.65,1,2026-04-06
D1104,F2,P151,282.72,7.07,10.17,1,2026-04-26
D1105,F3,P198,198.44,4.96,7.33,1,2026-04-28
D1106,F5,P84,458.15,11.45,19.04,1,2026-04-06
D1107,F4,P103,471.37,11.78,25.04,1,2026-04-02
D1108,F1,P150,840.16,21.0,36.19,1,2026-04-02
D1109,F2,P75,400.02,10.0,15.25,1,2026-04-29
D1110,F1,P50,654.32,16.36,27.69,1,2026-04-15
D1111,F3,P62,628.13,15.7,26.02,1,2026-04-13
D1112,F5,P130,396.23,9.91,16.91,1,2026-04-21
D1113,F2,P154,72.89,1.82,2.64,1,2026-04-26
D1114,F3,P88,370.46,9.26,13.68,1,2026-04-17
D1115,F5,P107,268.72,6.72,11.64,1,2026-04-03
D1116,F4,P29,126.83,3.17,6.98,1,2026-04-27
D1117,F3,P192,591.84,14.8,25.16,1,2026-04-15
D1118,F3,P17,771.67,19.29,29.11,1,2026-04-19
D1119,F4,P57,473.58,11.84,18.74,1,2026-04-28
D1120,F3,P48,24.23,0.61,1.01,1,2026-04-17
D1121,F3,P47,251.52,6.29,10.27,1,2026-04-12
D1122,F2,P153,568.8,14.22,17.93,1,2026-04-24
D1123,F3,P104,372.31,9.31,13.47,1,2026-04-10
D1124,F2,P83,354.66,8.87,13.62,1,2026-04-16
D1125,F2,P76,376.72,9.42,15.54,1,2026-04-19
D1126,F1,P39,629.0,15.72,25.42,1,2026-04-05
D1127,F4,P181,481.14,12.03,17.49,1,2026-04-03
D1128,F4,P107,470.89,11.77,24.47,1,2026-04-02
D1129,F5,P77,132.1,3.3,4.44,1,2026-04-24
D1130,F2,P53,461.75,11.54,15.58,1,2026-04-12
D1131,F2,P55,535.98,13.4,18.59,1,2026-04-25
D1132,F1,P63,355.63,8.89,15.99,1,2026-04-08
D1133,F2,P177,344.87,8.62,13.26,1,2026-04-14
D1134,F5,P64,723.75,18.09,25.43,1,2026-04-16
D1135,F1,P19,528.91,13.22,17.68,1,2026-04-19
D1136,F4,P32,770.82,19.27,26.85,1,2026-04-10
D1137,F2,P121,445.72,11.14,13.35,0,2026-04-25
D1138,F3,P124,564.08,14.1,31.25,1,2026-04-08
D1139,F3,P56,631.46,15.79,19.52,1,2026-04-20
D1140,F4,P114,647.27,16.18,25.94,1,2026-04-29
D1141,F4,P183,321.76,8.04,10.88,1,2026-04-20
D1142,F5,P11,67.21,1.68,2.32,1,2026-04-20
D1143,F2,P109,304.99,7.62,12.3,1,2026-04-23
D1144,F4,P172,566.81,14.17,20.15,1,2026-04-25
D1145,F4,P190,621.07,15.53,23.73,1,2026-04-18
D1146,F2,P179,296.93,7.42,10.29,1,2026-04-05
D1147,F4,P123,494.59,12.36,16.3,1,2026-04-17
D1148,F4,P162,632.29,15.81,22.58,1,2026-04-28
D1149,F3,P148,659.95,16.5,23.73,1,2026-04-26
D1150,F1,P57,437.29,10.93,15.97,1,2026-04-28
D1151,F4,P165,806.12,20.15,32.66,1,2026-04-11
D1152,F3,P14,562.46,14.06,25.88,1,2026-04-06
D1153,F4,P125,874.73,21.87,34.88,1,2026-04-21
D1154,F2,P25,314.35,7.86,15.63,1,2026-04-23
D1155,F4,P79,613.34,15.33,27.92,1,2026-04-11
D1156,F1,P66,815.53,20.39,39.28,1,2026-04-02
D1157,F4,P124,413.3,10.33,17.82,1,2026-04-18
D1158,F2,P121,445.72,11.14,20.95,1,2026-04-30
D1159,F3,P137,311.61,7.79,13.92,1,2026-04-15
D1160,F4,P119,491.17,12.28,24.06,1,2026-04-13
D1161,F4,P93,782.77,19.57,40.17,1,2026-04-27
D1162,F4,P6,853.65,21.34,34.17,1,2026-04-19
D1163,F2,P198,78.09,1.95,2.44,1,2026-04-12
D1164,F1,P49,753.82,18.85,28.73,1,2026-04-18
D1165,F5,P154,501.88,12.55,19.23,1,2026-04-11
D1166,F4,P6,853.65,21.34,32.78,1,2026-04-01
D1167,F2,P40,547.21,13.68,24.77,1,2026-04-27
D1168,F1,P58,667.61,16.69,27.1,1,2026-04-28
D1169,F2,P118,393.38,9.83,14.57,1,2026-04-10
D1170,F5,P95,692.93,17.32,31.81,1,2026-04-22
D1171,F4,P131,289.08,7.23,12.3,1,2026-04-29
D1172,F4,P35,553.55,13.84,17.98,1,2026-04-19
D1173,F1,P198,494.85,12.37,23.19,1,2026-04-22
D1174,F3,P200,687.73,17.19,32.68,1,2026-04-07
D1175,F5,P43,426.31,10.66,17.58,1,2026-04-18
D1176,F1,P197,18.25,0.46,0.68,1,2026-04-24
D1177,F3,P179,472.8,11.82,22.83,1,2026-04-06
D1178,F5,P59,56.93,1.42,2.32,1,2026-04-26
D1179,F4,P72,699.75,17.49,31.33,1,2026-04-13
D1180,F2,P146,495.3,12.38,15.99,1,2026-04-01
D1181,F3,P142,361.82,9.05,14.11,1,2026-04-28
D1182,F1,P81,161.99,4.05,8.12,1,2026-04-27
D1183,F4,P90,582.44,14.56,25.84,1,2026-04-02
D1184,F2,P142,311.86,7.8,10.09,1,2026-04-12
D1185,F3,P137,311.61,7.79,11.52,1,2026-04-20
D1186,F2,P97,261.24,6.53,9.6,1,2026-04-06
D1187,F4,P41,255.62,6.39,10.04,1,2026-04-29
D1188,F1,P38,467.75,11.69,18.21,1,2026-04-30
D1189,F2,P39,362.05,9.05,14.75,1,2026-04-22
D1190,F2,P102,164.65,4.12,5.09,1,2026-04-24
D1191,F1,P200,398.4,9.96,14.74,1,2026-04-16
D1192,F1,P153,170.81,4.27,5.98,1,2026-04-24
D1193,F1,P166,836.75,20.92,36.69,1,2026-04-13
D1194,F4,P129,636.92,15.92,22.33,1,2026-04-25
D1195,F1,P3,291.87,7.3,12.03,1,2026-04-18
D1196,F1,P138,647.62,16.19,23.63,1,2026-04-05
D1197,F2,P10,425.4,10.63,20.79,1,2026-04-04
D1198,F5,P182,531.54,13.29,26.72,1,2026-04-23
D1199,F3,P103,298.85,7.47,10.28,1,2026-04-18
D1200,F4,P164,797.36,19.93,27.47,1,2026-04-10
