delivery_id,factory_id,project_id,date,distance_km,expected_time_hours,actual_time_hours,priority_level,demand,weather_index,traffic_index,traffic_weather_risk,predicted_delay_probability,predicted_delay_class
D1,F5,P88,2026-04-30,705.19,17.63,30.59,High,1,0.92,0.25,0.23,1.0,1
D2,F1,P103,2026-04-07,419.81,10.5,17.68,High,1,0.97,0.69,0.6692999999999999,1.0,1
D3,F4,P21,2026-04-30,463.88,11.6,19.17,Low,1,0.92,0.25,0.23,1.0,1
D4,F3,P51,2026-04-21,471.41,11.79,20.6,High,1,0.57,0.74,0.42179999999999995,1.0,1
D5,F2,P51,2026-04-05,420.17,10.5,16.77,High,1,0.06,0.74,0.044399999999999995,1.0,1
D6,F2,P116,2026-04-23,475.14,11.88,22.35,Low,1,0.74,0.68,0.5032,1.0,1
D7,F4,P190,2026-04-19,621.07,15.53,22.63,Low,1,0.33,0.43,0.1419,1.0,1
D8,F1,P22,2026-04-28,454.76,11.37,15.33,Medium,1,0.56,0.32,0.17920000000000003,1.0,1
D9,F5,P132,2026-04-08,635.2,15.88,32.96,High,1,0.84,0.87,0.7308,1.0,1
D10,F5,P130,2026-04-28,396.23,9.91,13.88,High,1,0.56,0.32,0.17920000000000003,1.0,1
D11,F1,P197,2026-04-04,18.25,0.46,0.85,High,1,0.97,1.0,0.97,1.0,1
D12,F4,P61,2026-04-23,660.05,16.5,27.73,Low,1,0.74,0.68,0.5032,1.0,1
D13,F3,P174,2026-04-02,46.06,1.15,2.35,Medium,1,0.95,0.78,0.741,1.0,1
D14,F3,P61,2026-04-09,628.72,15.72,26.66,Low,1,0.84,0.43,0.36119999999999997,0.9950349923934846,1
D15,F5,P178,2026-04-05,406.45,10.16,13.33,Medium,1,0.06,0.74,0.044399999999999995,1.0,1
D16,F4,P125,2026-04-05,874.73,21.87,36.01,High,1,0.06,0.74,0.044399999999999995,1.0,1
D17,F2,P8,2026-04-01,405.51,10.14,14.54,Low,1,0.55,0.21,0.1155,1.0,1
D18,F5,P169,2026-04-21,777.56,19.44,38.23,Low,1,0.57,0.74,0.42179999999999995,1.0,1
D19,F1,P97,2026-04-12,417.55,10.44,16.19,High,1,0.51,0.23,0.1173,1.0,1
D20,F1,P129,2026-04-19,879.0,21.98,27.76,Medium,1,0.33,0.43,0.1419,1.0,1
D21,F3,P187,2026-04-02,282.61,7.07,13.77,Medium,1,0.95,0.78,0.741,1.0,1
D22,F5,P99,2026-04-06,146.91,3.67,5.55,Low,1,0.55,0.71,0.3905,1.0,1
D23,F2,P166,2026-04-14,484.93,12.12,19.52,Low,1,0.88,0.24,0.2112,1.0,1
D24,F5,P31,2026-04-09,780.71,19.52,32.67,High,1,0.84,0.43,0.36119999999999997,1.0,1
D25,F4,P198,2026-04-29,590.5,14.76,22.79,High,1,0.04,0.92,0.0368,0.9975039123630672,1
D26,F1,P48,2026-04-14,534.63,13.37,21.55,High,1,0.88,0.24,0.2112,1.0,1
D27,F1,P143,2026-04-06,225.45,5.64,10.63,Low,1,0.55,0.71,0.3905,1.0,1
D28,F1,P166,2026-04-01,836.75,20.92,32.44,Low,1,0.55,0.21,0.1155,1.0,1
D29,F2,P6,2026-04-20,343.61,8.59,12.12,Medium,1,0.25,0.41,0.1025,1.0,1
D30,F3,P11,2026-04-10,648.45,16.21,24.07,High,1,0.22,0.4,0.08800000000000001,1.0,1
D31,F5,P99,2026-04-03,146.91,3.67,6.61,Low,1,0.11,0.93,0.1023,1.0,1
D32,F3,P96,2026-04-21,297.4,7.44,12.93,High,1,0.57,0.74,0.42179999999999995,1.0,1
D33,F3,P89,2026-04-07,666.18,16.65,30.8,High,1,0.97,0.69,0.6692999999999999,0.9975078125,1
D34,F2,P154,2026-04-03,72.89,1.82,2.87,Medium,1,0.11,0.93,0.1023,1.0,1
D35,F1,P22,2026-04-19,454.76,11.37,17.48,Medium,1,0.33,0.43,0.1419,1.0,1
D36,F4,P70,2026-04-13,742.25,18.56,33.5,High,1,0.58,0.86,0.49879999999999997,1.0,1
D37,F2,P136,2026-04-15,488.6,12.21,23.49,High,1,0.91,0.59,0.5369,1.0,1
D38,F4,P96,2026-04-18,902.65,22.57,31.71,High,1,0.71,0.25,0.1775,1.0,1
D39,F1,P172,2026-04-02,429.53,10.74,20.32,High,1,0.95,0.78,0.741,1.0,1
D40,F4,P150,2026-04-15,813.95,20.35,37.2,Medium,1,0.91,0.59,0.5369,1.0,1
D41,F2,P160,2026-04-30,537.43,13.44,25.1,High,1,0.92,0.25,0.23,1.0,1
D42,F1,P93,2026-04-06,519.44,12.99,20.3,Medium,1,0.55,0.71,0.3905,1.0,1
D43,F1,P199,2026-04-07,777.43,19.44,40.97,Medium,1,0.97,0.69,0.6692999999999999,1.0,1
D44,F5,P126,2026-04-15,571.56,14.29,27.47,Low,1,0.91,0.59,0.5369,1.0,1
D45,F3,P49,2026-04-05,671.11,16.78,24.93,High,1,0.06,0.74,0.044399999999999995,1.0,1
D46,F2,P14,2026-04-08,296.96,7.42,14.24,Medium,1,0.84,0.87,0.7308,1.0,1
D47,F2,P107,2026-04-01,167.46,4.19,6.28,Low,1,0.55,0.21,0.1155,1.0,1
D48,F5,P2,2026-04-08,360.13,9.0,16.3,Low,1,0.84,0.87,0.7308,1.0,1
D49,F4,P19,2026-04-25,772.79,19.32,28.23,Medium,1,0.48,0.08,0.0384,0.8482794368353221,1
D50,F5,P180,2026-04-16,477.92,11.95,18.79,High,1,0.35,0.71,0.24849999999999997,1.0,1
D51,F1,P124,2026-04-17,562.23,14.06,21.88,Low,1,0.48,0.38,0.1824,1.0,1
D52,F5,P114,2026-04-04,848.32,21.21,42.56,Medium,1,0.97,1.0,0.97,1.0,1
D53,F5,P23,2026-04-28,478.83,11.97,16.03,High,1,0.56,0.32,0.17920000000000003,1.0,1
D54,F5,P88,2026-04-11,705.19,17.63,24.18,High,1,0.89,0.15,0.1335,1.0,1
D55,F5,P154,2026-04-06,501.88,12.55,22.68,Medium,1,0.55,0.71,0.3905,1.0,1
D56,F1,P192,2026-04-02,523.01,13.08,24.48,Low,1,0.95,0.78,0.741,1.0,1
D57,F5,P115,2026-04-03,353.65,8.84,12.89,Medium,1,0.11,0.93,0.1023,1.0,1
D58,F4,P189,2026-04-28,482.94,12.07,17.45,High,1,0.56,0.32,0.17920000000000003,1.0,1
D59,F5,P188,2026-04-28,76.22,1.91,3.03,High,1,0.56,0.32,0.17920000000000003,1.0,1
D60,F2,P160,2026-04-13,537.43,13.44,26.13,High,1,0.58,0.86,0.49879999999999997,1.0,1
D61,F1,P106,2026-04-27,107.22,2.68,5.07,Medium,1,0.8,0.98,0.784,1.0,1
D62,F4,P90,2026-04-06,582.44,14.56,21.82,Medium,1,0.55,0.71,0.3905,1.0,1
D63,F1,P110,2026-04-17,354.04,8.85,12.14,Low,1,0.48,0.38,0.1824,1.0,1
D64,F4,P134,2026-04-08,342.16,8.55,18.78,Medium,1,0.84,0.87,0.7308,1.0,1
D65,F1,P142,2026-04-26,789.56,19.74,31.71,Medium,1,0.53,0.44,0.23320000000000002,1.0,1
D66,F4,P84,2026-04-14,717.19,17.93,26.31,Medium,1,0.88,0.24,0.2112,1.0,1
D67,F5,P190,2026-04-28,341.02,8.53,12.29,Low,1,0.56,0.32,0.17920000000000003,1.0,1
D68,F1,P99,2026-04-27,846.76,21.17,37.09,Low,1,0.8,0.98,0.784,1.0,1
D69,F2,P28,2026-04-17,468.57,11.71,16.17,High,1,0.48,0.38,0.1824,0.9975026096033404,1
D70,F1,P180,2026-04-26,239.16,5.98,9.7,High,1,0.53,0.44,0.23320000000000002,1.0,1
D71,F1,P11,2026-04-12,642.98,16.07,20.32,High,1,0.51,0.23,0.1173,1.0,1
D72,F3,P131,2026-04-22,729.11,18.23,34.86,High,1,0.77,0.82,0.6314,1.0,1
D73,F2,P17,2026-04-14,613.3,15.33,25.93,High,1,0.88,0.24,0.2112,1.0,1
D74,F5,P5,2026-04-04,426.06,10.65,19.49,Low,1,0.97,1.0,0.97,1.0,1
D75,F5,P184,2026-04-07,243.76,6.09,10.28,Medium,1,0.97,0.69,0.6692999999999999,1.0,1
D76,F4,P58,2026-04-13,693.19,17.33,30.15,Medium,1,0.58,0.86,0.49879999999999997,1.0,1
D77,F2,P163,2026-04-05,223.11,5.58,9.0,High,1,0.06,0.74,0.044399999999999995,1.0,1
D78,F3,P162,2026-04-11,204.28,5.11,7.76,Low,1,0.89,0.15,0.1335,0.995033697752729,1
D79,F3,P109,2026-04-25,329.39,8.23,12.03,High,1,0.48,0.08,0.0384,0.9402727872973654,1
D80,F2,P25,2026-04-28,314.35,7.86,11.76,Low,1,0.56,0.32,0.17920000000000003,1.0,1
D81,F3,P169,2026-04-17,376.91,9.42,12.95,Low,1,0.48,0.38,0.1824,0.9975026096033404,1
D82,F3,P29,2026-04-16,600.62,15.02,26.35,Medium,1,0.35,0.71,0.24849999999999997,1.0,1
D83,F3,P150,2026-04-02,507.27,12.68,28.25,Medium,1,0.95,0.78,0.741,1.0,1
D84,F2,P130,2026-04-02,225.08,5.63,11.1,High,1,0.95,0.78,0.741,1.0,1
D85,F1,P59,2026-04-11,704.38,17.61,26.2,Medium,1,0.89,0.15,0.1335,1.0,1
D86,F3,P94,2026-04-01,176.04,4.4,7.05,Low,1,0.55,0.21,0.1155,1.0,1
D87,F5,P55,2026-04-10,220.2,5.5,6.66,High,1,0.22,0.4,0.08800000000000001,1.0,1
D88,F1,P88,2026-04-16,174.01,4.35,6.38,High,1,0.35,0.71,0.24849999999999997,1.0,1
D89,F5,P193,2026-04-02,418.7,10.47,19.85,Medium,1,0.95,0.78,0.741,1.0,1
D90,F3,P11,2026-04-21,648.45,16.21,27.36,High,1,0.57,0.74,0.42179999999999995,1.0,1
D91,F4,P138,2026-04-18,372.16,9.3,15.69,Medium,1,0.71,0.25,0.1775,1.0,1
D92,F5,P15,2026-04-06,552.7,13.82,23.01,High,1,0.55,0.71,0.3905,1.0,1
D93,F1,P153,2026-04-23,170.81,4.27,8.62,High,1,0.74,0.68,0.5032,1.0,1
D94,F5,P162,2026-04-10,757.12,18.93,23.49,Low,1,0.22,0.4,0.08800000000000001,1.0,1
D95,F4,P193,2026-04-21,469.24,11.73,21.03,Medium,1,0.57,0.74,0.42179999999999995,1.0,1
D96,F1,P80,2026-04-24,702.76,17.57,27.45,Medium,1,0.24,0.4,0.096,1.0,1
D97,F3,P40,2026-04-18,739.68,18.49,28.51,Low,1,0.71,0.25,0.1775,1.0,1
D98,F5,P9,2026-04-13,754.79,18.87,32.36,Low,1,0.58,0.86,0.49879999999999997,1.0,1
D99,F4,P148,2026-04-08,507.71,12.69,26.44,Low,1,0.84,0.87,0.7308,1.0,1
D100,F4,P48,2026-04-02,736.88,18.42,36.8,High,1,0.95,0.78,0.741,1.0,1
D101,F3,P174,2026-04-09,46.06,1.15,2.05,Medium,1,0.84,0.43,0.36119999999999997,1.0,1
D102,F1,P138,2026-04-08,647.62,16.19,27.09,Medium,1,0.84,0.87,0.7308,1.0,1
D103,F4,P153,2026-04-22,219.67,5.49,11.62,High,1,0.77,0.82,0.6314,1.0,1
D104,F2,P64,2026-04-12,631.66,15.79,24.5,High,1,0.51,0.23,0.1173,1.0,1
D105,F1,P137,2026-04-01,757.0,18.92,27.08,High,1,0.55,0.21,0.1155,1.0,1
D106,F2,P102,2026-04-01,164.65,4.12,6.04,High,1,0.55,0.21,0.1155,1.0,1
D107,F1,P57,2026-04-16,437.29,10.93,16.89,Medium,1,0.35,0.71,0.24849999999999997,1.0,1
D108,F5,P62,2026-04-22,85.29,2.13,3.99,Low,1,0.77,0.82,0.6314,1.0,1
D109,F4,P65,2026-04-21,293.29,7.33,11.51,High,1,0.57,0.74,0.42179999999999995,1.0,1
D110,F1,P80,2026-04-18,702.76,17.57,26.02,Medium,1,0.71,0.25,0.1775,1.0,1
D111,F2,P71,2026-04-29,270.95,6.77,9.95,Medium,1,0.04,0.92,0.0368,0.9950208062629937,1
D112,F5,P123,2026-04-16,169.12,4.23,5.84,Medium,1,0.35,0.71,0.24849999999999997,1.0,1
D113,F2,P67,2026-04-01,279.31,6.98,10.14,High,1,0.55,0.21,0.1155,1.0,1
D114,F3,P119,2026-04-08,394.4,9.86,16.54,Low,1,0.84,0.87,0.7308,1.0,1
D115,F3,P171,2026-04-23,270.41,6.76,10.6,Medium,1,0.74,0.68,0.5032,1.0,1
D116,F3,P103,2026-04-10,298.85,7.47,9.26,High,1,0.22,0.4,0.08800000000000001,1.0,1
D117,F4,P71,2026-04-26,508.85,12.72,21.52,Medium,1,0.53,0.44,0.23320000000000002,1.0,1
D118,F4,P184,2026-04-18,270.43,6.76,10.55,Medium,1,0.71,0.25,0.1775,1.0,1
D119,F4,P89,2026-04-04,410.66,10.27,20.97,High,1,0.97,1.0,0.97,1.0,1
D120,F4,P79,2026-04-16,613.34,15.33,26.21,High,1,0.35,0.71,0.24849999999999997,1.0,1
D121,F5,P156,2026-04-14,501.5,12.54,23.44,Low,1,0.88,0.24,0.2112,1.0,1
D122,F1,P62,2026-04-26,634.12,15.85,21.47,Low,1,0.53,0.44,0.23320000000000002,1.0,1
D123,F3,P192,2026-04-26,591.84,14.8,23.63,Low,1,0.53,0.44,0.23320000000000002,1.0,1
D124,F5,P17,2026-04-28,600.16,15.0,22.56,High,1,0.56,0.32,0.17920000000000003,1.0,1
D125,F3,P156,2026-04-05,506.07,12.65,19.89,Low,1,0.06,0.74,0.044399999999999995,1.0,1
D126,F2,P7,2026-04-19,312.94,7.82,12.66,High,1,0.33,0.43,0.1419,1.0,1
D127,F4,P32,2026-04-03,770.82,19.27,32.21,Medium,1,0.11,0.93,0.1023,1.0,1
D128,F3,P195,2026-04-30,836.3,20.91,35.95,Medium,1,0.92,0.25,0.23,1.0,1
D129,F1,P136,2026-04-08,548.34,13.71,29.09,High,1,0.84,0.87,0.7308,1.0,1
D130,F5,P156,2026-04-16,501.5,12.54,20.86,Low,1,0.35,0.71,0.24849999999999997,1.0,1
D131,F2,P187,2026-04-28,254.48,6.36,8.68,Medium,1,0.56,0.32,0.17920000000000003,1.0,1
D132,F2,P193,2026-04-02,71.5,1.79,3.62,Medium,1,0.95,0.78,0.741,1.0,1
D133,F4,P120,2026-04-25,319.4,7.98,11.28,Low,1,0.48,0.08,0.0384,0.9304919721177549,1
D134,F3,P112,2026-04-08,162.98,4.07,8.74,Low,1,0.84,0.87,0.7308,1.0,1
D135,F1,P193,2026-04-22,427.52,10.69,18.13,Medium,1,0.77,0.82,0.6314,1.0,1
D136,F2,P189,2026-04-16,374.38,9.36,13.14,High,1,0.35,0.71,0.24849999999999997,1.0,1
D137,F2,P32,2026-04-08,456.76,11.42,21.92,Medium,1,0.84,0.87,0.7308,1.0,1
D138,F3,P112,2026-04-10,162.98,4.07,5.85,Low,1,0.22,0.4,0.08800000000000001,1.0,1
D139,F3,P138,2026-04-26,780.84,19.52,30.56,Medium,1,0.53,0.44,0.23320000000000002,1.0,1
D140,F5,P75,2026-04-27,289.74,7.24,15.08,Low,1,0.8,0.98,0.784,1.0,1
D141,F2,P33,2026-04-02,337.58,8.44,18.42,Medium,1,0.95,0.78,0.741,1.0,1
D142,F2,P12,2026-04-17,164.74,4.12,5.89,Medium,1,0.48,0.38,0.1824,1.0,1
D143,F2,P1,2026-04-19,644.38,16.11,24.85,High,1,0.33,0.43,0.1419,1.0,1
D144,F2,P3,2026-04-29,677.1,16.93,26.97,Medium,1,0.04,0.92,0.0368,0.9925234375,1
D145,F4,P81,2026-04-03,422.36,10.56,18.14,Medium,1,0.11,0.93,0.1023,1.0,1
D146,F2,P45,2026-04-26,83.75,2.09,2.91,Medium,1,0.53,0.44,0.23320000000000002,1.0,1
D147,F1,P146,2026-04-23,572.6,14.31,27.14,Medium,1,0.74,0.68,0.5032,1.0,1
D148,F4,P47,2026-04-02,482.3,12.06,21.53,High,1,0.95,0.78,0.741,1.0,1
D149,F1,P127,2026-04-06,476.53,11.91,18.4,Medium,1,0.55,0.71,0.3905,0.9975078125,1
D150,F5,P11,2026-04-17,67.21,1.68,2.51,High,1,0.48,0.38,0.1824,1.0,1
D151,F2,P144,2026-04-18,493.01,12.33,21.46,Medium,1,0.71,0.25,0.1775,1.0,1
D152,F3,P143,2026-04-12,413.23,10.33,15.85,Low,1,0.51,0.23,0.1173,1.0,1
D153,F5,P87,2026-04-03,1002.63,25.07,38.96,Medium,1,0.11,0.93,0.1023,1.0,1
D154,F3,P194,2026-04-13,501.71,12.54,23.42,High,1,0.58,0.86,0.49879999999999997,1.0,1
D155,F3,P32,2026-04-20,225.25,5.63,7.7,Medium,1,0.25,0.41,0.1025,1.0,1
D156,F5,P151,2026-04-03,690.65,17.27,24.36,Low,1,0.11,0.93,0.1023,1.0,1
D157,F4,P28,2026-04-03,662.95,16.57,26.68,High,1,0.11,0.93,0.1023,1.0,1
D158,F5,P5,2026-04-13,426.06,10.65,16.73,Low,1,0.58,0.86,0.49879999999999997,1.0,1
D159,F2,P66,2026-04-20,401.98,10.05,12.5,Low,1,0.25,0.41,0.1025,1.0,1
D160,F2,P91,2026-04-14,233.32,5.83,8.61,Low,1,0.88,0.24,0.2112,1.0,1
D161,F3,P15,2026-04-09,184.66,4.62,8.94,High,1,0.84,0.43,0.36119999999999997,1.0,1
D162,F1,P50,2026-04-21,654.32,16.36,27.74,Low,1,0.57,0.74,0.42179999999999995,1.0,1
D163,F2,P149,2026-04-14,458.45,11.46,17.88,Low,1,0.88,0.24,0.2112,1.0,1
D164,F5,P138,2026-04-22,165.68,4.14,6.8,Medium,1,0.77,0.82,0.6314,1.0,1
D165,F1,P197,2026-04-14,18.25,0.46,0.77,High,1,0.88,0.24,0.2112,1.0,1
D166,F4,P16,2026-04-25,192.04,4.8,7.25,Low,1,0.48,0.08,0.0384,0.8707877406419918,1
D167,F1,P15,2026-04-23,576.34,14.41,25.11,High,1,0.74,0.68,0.5032,1.0,1
D168,F4,P50,2026-04-03,571.14,14.28,25.77,Low,1,0.11,0.93,0.1023,1.0,1
D169,F4,P85,2026-04-05,253.88,6.35,8.52,Low,1,0.06,0.74,0.044399999999999995,1.0,1
D170,F2,P190,2026-04-09,186.63,4.67,8.28,Low,1,0.84,0.43,0.36119999999999997,1.0,1
D171,F2,P91,2026-04-15,233.32,5.83,10.25,Low,1,0.91,0.59,0.5369,1.0,1
D172,F3,P35,2026-04-26,178.04,4.45,7.71,Medium,1,0.53,0.44,0.23320000000000002,1.0,1
D173,F2,P127,2026-04-19,267.7,6.69,8.66,Medium,1,0.33,0.43,0.1419,0.9950349442829457,1
D174,F5,P59,2026-04-02,56.93,1.42,3.04,Medium,1,0.95,0.78,0.741,1.0,1
D175,F1,P86,2026-04-06,625.48,15.64,23.57,Low,1,0.55,0.71,0.3905,1.0,1
D176,F5,P178,2026-04-24,406.45,10.16,15.34,Medium,1,0.24,0.4,0.096,1.0,1
D177,F1,P4,2026-04-03,774.08,19.35,29.31,High,1,0.11,0.93,0.1023,1.0,1
D178,F5,P150,2026-04-03,463.46,11.59,20.79,Medium,1,0.11,0.93,0.1023,1.0,1
D179,F1,P181,2026-04-01,613.48,15.34,19.33,Medium,1,0.55,0.21,0.1155,1.0,1
D180,F3,P95,2026-04-15,531.96,13.3,22.01,Low,1,0.91,0.59,0.5369,1.0,1
D181,F5,P189,2026-04-06,702.83,17.57,31.92,High,1,0.55,0.71,0.3905,1.0,1
D182,F3,P149,2026-04-23,714.03,17.85,35.2,Low,1,0.74,0.68,0.5032,1.0,1
D183,F2,P61,2026-04-24,379.22,9.48,12.36,Low,1,0.24,0.4,0.096,1.0,1
D184,F4,P14,2026-04-16,563.96,14.1,25.46,Medium,1,0.35,0.71,0.24849999999999997,1.0,1
D185,F2,P56,2026-04-12,360.01,9.0,11.45,High,1,0.51,0.23,0.1173,0.9975078125,1
D186,F1,P182,2026-04-21,253.1,6.33,9.86,Low,1,0.57,0.74,0.42179999999999995,1.0,1
D187,F4,P152,2026-04-17,581.06,14.53,21.15,Low,1,0.48,0.38,0.1824,0.9925259821512509,1
D188,F1,P4,2026-04-29,774.08,19.35,25.95,High,1,0.04,0.92,0.0368,1.0,1
D189,F2,P26,2026-04-10,541.12,13.53,20.15,Low,1,0.22,0.4,0.08800000000000001,1.0,1
D190,F4,P26,2026-04-20,634.65,15.87,22.68,Low,1,0.25,0.41,0.1025,1.0,1
D191,F5,P172,2026-04-25,559.82,14.0,18.73,High,1,0.48,0.08,0.0384,0.9179400889990419,1
D192,F2,P194,2026-04-23,226.24,5.66,11.5,High,1,0.74,0.68,0.5032,1.0,1
D193,F4,P186,2026-04-05,353.29,8.83,13.96,Low,1,0.06,0.74,0.044399999999999995,0.9975155763239876,1
D194,F4,P9,2026-04-19,799.11,19.98,32.58,Low,1,0.33,0.43,0.1419,1.0,1
D195,F3,P131,2026-04-29,729.11,18.23,25.8,High,1,0.04,0.92,0.0368,1.0,1
D196,F5,P130,2026-04-17,396.23,9.91,16.93,High,1,0.48,0.38,0.1824,1.0,1
D197,F5,P45,2026-04-15,490.92,12.27,24.95,Medium,1,0.91,0.59,0.5369,1.0,1
D198,F3,P116,2026-04-01,426.03,10.65,16.34,Low,1,0.55,0.21,0.1155,1.0,1
D199,F3,P103,2026-04-25,298.85,7.47,11.3,High,1,0.48,0.08,0.0384,0.9080257979572663,1
D200,F5,P188,2026-04-23,76.22,1.91,3.7,High,1,0.74,0.68,0.5032,1.0,1
D201,F5,P78,2026-04-18,728.04,18.2,26.64,Low,1,0.71,0.25,0.1775,1.0,1
D202,F1,P160,2026-04-13,61.61,1.54,2.43,High,1,0.58,0.86,0.49879999999999997,1.0,1
D203,F5,P199,2026-04-01,290.3,7.26,11.35,Medium,1,0.55,0.21,0.1155,1.0,1
D204,F3,P23,2026-04-05,290.2,7.25,9.24,High,1,0.06,0.74,0.044399999999999995,1.0,1
D205,F3,P49,2026-04-01,671.11,16.78,23.67,High,1,0.55,0.21,0.1155,1.0,1
D206,F2,P82,2026-04-25,266.34,6.66,8.67,Medium,1,0.48,0.08,0.0384,0.796060339055338,1
D207,F4,P195,2026-04-29,594.9,14.87,21.26,Medium,1,0.04,0.92,0.0368,0.992516906126061,1
D208,F5,P139,2026-04-25,340.15,8.5,12.01,Medium,1,0.48,0.08,0.0384,0.9453431794502143,1
D209,F3,P15,2026-04-24,184.66,4.62,5.81,High,1,0.24,0.4,0.096,1.0,1
D210,F1,P97,2026-04-10,417.55,10.44,14.6,High,1,0.22,0.4,0.08800000000000001,1.0,1
D211,F5,P9,2026-04-01,754.79,18.87,30.51,Low,1,0.55,0.21,0.1155,1.0,1
D212,F2,P19,2026-04-03,385.01,9.63,14.29,Medium,1,0.11,0.93,0.1023,0.9900338109273279,1
D213,F1,P10,2026-04-23,830.11,20.75,34.95,Low,1,0.74,0.68,0.5032,1.0,1
D214,F2,P181,2026-04-09,280.71,7.02,12.86,Medium,1,0.84,0.43,0.36119999999999997,1.0,1
D215,F2,P146,2026-04-30,495.3,12.38,19.72,Medium,1,0.92,0.25,0.23,1.0,1
D216,F4,P55,2026-04-12,331.79,8.29,12.26,High,1,0.51,0.23,0.1173,1.0,1
D217,F5,P61,2026-04-08,223.48,5.59,9.55,Low,1,0.84,0.87,0.7308,1.0,1
D218,F5,P160,2026-04-19,716.25,17.91,29.28,High,1,0.33,0.43,0.1419,1.0,1
D219,F4,P98,2026-04-24,423.93,10.6,13.44,Low,1,0.24,0.4,0.096,1.0,1
D220,F1,P195,2026-04-15,833.21,20.83,35.63,Medium,1,0.91,0.59,0.5369,1.0,1
D221,F2,P96,2026-04-12,364.19,9.1,13.65,High,1,0.51,0.23,0.1173,1.0,1
D222,F5,P139,2026-04-09,340.15,8.5,14.43,Medium,1,0.84,0.43,0.36119999999999997,1.0,1
D223,F1,P114,2026-04-16,331.39,8.28,13.11,Medium,1,0.35,0.71,0.24849999999999997,1.0,1
D224,F4,P181,2026-04-17,481.14,12.03,18.82,Medium,1,0.48,0.38,0.1824,0.9950104058272632,1
D225,F1,P22,2026-04-16,454.76,11.37,17.81,Medium,1,0.35,0.71,0.24849999999999997,1.0,1
D226,F2,P145,2026-04-17,408.02,10.2,16.36,Low,1,0.48,0.38,0.1824,0.9975039123630672,1
D227,F2,P164,2026-04-18,356.34,8.91,14.86,Medium,1,0.71,0.25,0.1775,1.0,1
D228,F2,P41,2026-04-29,431.57,10.79,15.04,Low,1,0.04,0.92,0.0368,0.9950117248630673,1
D229,F4,P183,2026-04-20,321.76,8.04,9.83,High,1,0.25,0.41,0.1025,1.0,1
D230,F4,P93,2026-04-22,782.77,19.57,37.26,Medium,1,0.77,0.82,0.6314,1.0,1
D231,F4,P39,2026-04-27,443.41,11.09,21.22,Medium,1,0.8,0.98,0.784,1.0,1
D232,F4,P49,2026-04-26,587.23,14.68,25.29,High,1,0.53,0.44,0.23320000000000002,1.0,1
D233,F2,P140,2026-04-25,256.98,6.42,8.85,Low,1,0.48,0.08,0.0384,0.8807346165375176,1
D234,F1,P190,2026-04-27,653.87,16.35,31.84,Low,1,0.8,0.98,0.784,1.0,1
D235,F3,P192,2026-04-18,591.84,14.8,22.1,Low,1,0.71,0.25,0.1775,1.0,1
D236,F3,P164,2026-04-15,527.37,13.18,25.76,Medium,1,0.91,0.59,0.5369,1.0,1
D237,F5,P189,2026-04-25,702.83,17.57,26.78,High,1,0.48,0.08,0.0384,0.9850623044482175,1
D238,F1,P195,2026-04-11,833.21,20.83,37.56,Medium,1,0.89,0.15,0.1335,1.0,1
D239,F4,P74,2026-04-22,678.29,16.96,28.54,Low,1,0.77,0.82,0.6314,1.0,1
D240,F1,P40,2026-04-28,365.33,9.13,12.36,Low,1,0.56,0.32,0.17920000000000003,1.0,1
D241,F2,P169,2026-04-18,442.6,11.06,18.44,Low,1,0.71,0.25,0.1775,1.0,1
D242,F5,P144,2026-04-04,59.28,1.48,3.22,Medium,1,0.97,1.0,0.97,1.0,1
D243,F4,P15,2026-04-07,674.32,16.86,32.32,High,1,0.97,0.69,0.6692999999999999,1.0,1
D244,F1,P20,2026-04-03,340.36,8.51,13.17,Low,1,0.11,0.93,0.1023,1.0,1
D245,F4,P141,2026-04-13,840.59,21.01,42.83,Medium,1,0.58,0.86,0.49879999999999997,1.0,1
D246,F4,P119,2026-04-16,491.17,12.28,20.35,Low,1,0.35,0.71,0.24849999999999997,1.0,1
D247,F1,P44,2026-04-06,774.84,19.37,30.15,Medium,1,0.55,0.71,0.3905,1.0,1
D248,F2,P102,2026-04-11,164.65,4.12,6.25,High,1,0.89,0.15,0.1335,0.987641163563158,1
D249,F4,P35,2026-04-01,553.55,13.84,18.83,Medium,1,0.55,0.21,0.1155,1.0,1
D250,F1,P74,2026-04-09,415.07,10.38,16.39,Low,1,0.84,0.43,0.36119999999999997,1.0,1
D251,F5,P148,2026-04-27,61.31,1.53,3.43,Low,1,0.8,0.98,0.784,1.0,1
D252,F4,P50,2026-04-10,571.14,14.28,17.34,Low,1,0.22,0.4,0.08800000000000001,1.0,1
D253,F4,P149,2026-04-13,261.69,6.54,11.25,Low,1,0.58,0.86,0.49879999999999997,1.0,1
D254,F2,P34,2026-04-04,281.96,7.05,14.6,High,1,0.97,1.0,0.97,1.0,1
D255,F4,P52,2026-04-16,583.44,14.59,25.66,High,1,0.35,0.71,0.24849999999999997,0.9975039123630672,1
D256,F2,P80,2026-04-15,308.18,7.7,12.26,Medium,1,0.91,0.59,0.5369,1.0,1
D257,F1,P161,2026-04-27,847.66,21.19,39.37,High,1,0.8,0.98,0.784,1.0,1
D258,F3,P101,2026-04-08,461.57,11.54,22.29,Low,1,0.84,0.87,0.7308,1.0,1
D259,F3,P32,2026-04-25,225.25,5.63,7.58,Medium,1,0.48,0.08,0.0384,0.8781327642863904,1
D260,F2,P162,2026-04-04,353.09,8.83,16.29,Low,1,0.97,1.0,0.97,1.0,1
D261,F3,P184,2026-04-26,752.16,18.8,32.68,Medium,1,0.53,0.44,0.23320000000000002,1.0,1
D262,F5,P2,2026-04-15,360.13,9.0,16.87,Low,1,0.91,0.59,0.5369,1.0,1
D263,F3,P135,2026-04-20,620.62,15.52,22.2,High,1,0.25,0.41,0.1025,1.0,1
D264,F5,P195,2026-04-05,136.35,3.41,5.14,Medium,1,0.06,0.74,0.044399999999999995,1.0,1
D265,F3,P38,2026-04-30,108.2,2.7,4.83,Low,1,0.92,0.25,0.23,1.0,1
D266,F2,P165,2026-04-01,501.12,12.53,17.27,Medium,1,0.55,0.21,0.1155,0.9975019577133908,1
D267,F5,P97,2026-04-08,289.92,7.25,13.92,High,1,0.84,0.87,0.7308,1.0,1
D268,F1,P151,2026-04-22,659.01,16.48,27.22,Low,1,0.77,0.82,0.6314,1.0,1
D269,F1,P166,2026-04-27,836.75,20.92,39.02,Low,1,0.8,0.98,0.784,1.0,1
D270,F4,P167,2026-04-18,803.13,20.08,33.46,High,1,0.71,0.25,0.1775,1.0,1
D271,F1,P62,2026-04-03,634.12,15.85,26.9,Low,1,0.11,0.93,0.1023,1.0,1
D272,F5,P24,2026-04-21,790.88,19.77,36.4,Low,1,0.57,0.74,0.42179999999999995,1.0,1
D273,F5,P31,2026-04-17,780.71,19.52,29.08,High,1,0.48,0.38,0.1824,1.0,1
D274,F5,P11,2026-04-20,67.21,1.68,2.51,High,1,0.25,0.41,0.1025,1.0,1
D275,F4,P52,2026-04-01,583.44,14.59,18.14,High,1,0.55,0.21,0.1155,1.0,1
D276,F3,P145,2026-04-07,136.3,3.41,6.74,Low,1,0.97,0.69,0.6692999999999999,1.0,1
D277,F2,P34,2026-04-07,281.96,7.05,12.16,High,1,0.97,0.69,0.6692999999999999,1.0,1
D278,F3,P151,2026-04-27,147.55,3.69,7.06,Low,1,0.8,0.98,0.784,1.0,1
D279,F3,P127,2026-04-03,530.87,13.27,22.22,Medium,1,0.11,0.93,0.1023,1.0,1
D280,F1,P6,2026-04-26,690.54,17.26,29.89,Medium,1,0.53,0.44,0.23320000000000002,1.0,1
D281,F4,P151,2026-04-18,802.03,20.05,33.75,Low,1,0.71,0.25,0.1775,1.0,1
D282,F4,P63,2026-04-23,568.29,14.21,23.46,Medium,1,0.74,0.68,0.5032,1.0,1
D283,F4,P152,2026-04-16,581.06,14.53,20.3,Low,1,0.35,0.71,0.24849999999999997,1.0,1
D284,F2,P134,2026-04-05,245.2,6.13,8.13,Medium,1,0.06,0.74,0.044399999999999995,1.0,1
D285,F2,P160,2026-04-04,537.43,13.44,25.96,High,1,0.97,1.0,0.97,1.0,1
D286,F3,P118,2026-04-17,668.44,16.71,23.83,High,1,0.48,0.38,0.1824,1.0,1
D287,F1,P126,2026-04-05,461.52,11.54,18.96,Low,1,0.06,0.74,0.044399999999999995,1.0,1
D288,F4,P121,2026-04-16,967.78,24.19,44.03,Medium,1,0.35,0.71,0.24849999999999997,1.0,1
D289,F1,P35,2026-04-03,410.87,10.27,15.52,Medium,1,0.11,0.93,0.1023,1.0,1
D290,F4,P69,2026-04-06,378.59,9.46,15.54,Medium,1,0.55,0.71,0.3905,1.0,1
D291,F1,P128,2026-04-20,319.01,7.98,12.25,High,1,0.25,0.41,0.1025,1.0,1
D292,F2,P112,2026-04-27,353.81,8.85,18.84,Low,1,0.8,0.98,0.784,1.0,1
D293,F3,P144,2026-04-07,768.57,19.21,37.67,Medium,1,0.97,0.69,0.6692999999999999,1.0,1
D294,F2,P160,2026-04-30,537.43,13.44,24.9,High,1,0.92,0.25,0.23,1.0,1
D295,F5,P19,2026-04-25,818.97,20.47,29.15,Medium,1,0.48,0.08,0.0384,0.9502938031344046,1
D296,F3,P82,2026-04-30,206.86,5.17,9.68,Medium,1,0.92,0.25,0.23,1.0,1
D297,F2,P37,2026-04-17,504.14,12.6,16.43,High,1,0.48,0.38,0.1824,0.9925259984273279,1
D298,F3,P13,2026-04-23,380.97,9.52,17.53,Medium,1,0.74,0.68,0.5032,1.0,1
D299,F1,P74,2026-04-06,415.07,10.38,19.13,Low,1,0.55,0.71,0.3905,1.0,1
D300,F5,P101,2026-04-18,524.26,13.11,21.57,Low,1,0.71,0.25,0.1775,1.0,1
D301,F3,P95,2026-04-23,531.96,13.3,20.76,Low,1,0.74,0.68,0.5032,1.0,1
D302,F2,P12,2026-04-01,164.74,4.12,6.65,Medium,1,0.55,0.21,0.1155,1.0,1
D303,F2,P82,2026-04-17,266.34,6.66,9.84,Medium,1,0.48,0.38,0.1824,1.0,1
D304,F1,P10,2026-04-24,830.11,20.75,29.01,Low,1,0.24,0.4,0.096,1.0,1
D305,F4,P158,2026-04-07,342.26,8.56,17.4,Low,1,0.97,0.69,0.6692999999999999,1.0,1
D306,F4,P154,2026-04-03,547.91,13.7,20.25,Medium,1,0.11,0.93,0.1023,1.0,1
D307,F3,P30,2026-04-20,67.63,1.69,2.47,Medium,1,0.25,0.41,0.1025,1.0,1
D308,F3,P62,2026-04-25,628.13,15.7,18.59,Low,1,0.48,0.08,0.0384,0.402350020460256,0
D309,F4,P138,2026-04-09,372.16,9.3,15.91,Medium,1,0.84,0.43,0.36119999999999997,1.0,1
D310,F5,P130,2026-04-25,396.23,9.91,13.2,High,1,0.48,0.08,0.0384,0.8531120989145892,1
D311,F5,P173,2026-04-19,559.49,13.99,18.01,Low,1,0.33,0.43,0.1419,1.0,1
D312,F2,P162,2026-04-29,353.09,8.83,14.08,Low,1,0.04,0.92,0.0368,0.9900208442066806,1
D313,F4,P72,2026-04-20,699.75,17.49,21.69,Medium,1,0.25,0.41,0.1025,1.0,1
D314,F3,P46,2026-04-15,662.44,16.56,30.43,Low,1,0.91,0.59,0.5369,1.0,1
D315,F1,P105,2026-04-18,192.84,4.82,8.44,Low,1,0.71,0.25,0.1775,1.0,1
D316,F3,P101,2026-04-13,461.57,11.54,22.77,Low,1,0.58,0.86,0.49879999999999997,1.0,1
D317,F5,P97,2026-04-13,289.92,7.25,14.13,High,1,0.58,0.86,0.49879999999999997,1.0,1
D318,F1,P62,2026-04-30,634.12,15.85,23.21,Low,1,0.92,0.25,0.23,1.0,1
D319,F2,P101,2026-04-30,334.72,8.37,13.53,Low,1,0.92,0.25,0.23,1.0,1
D320,F3,P151,2026-04-10,147.55,3.69,4.49,Low,1,0.22,0.4,0.08800000000000001,1.0,1
D321,F2,P51,2026-04-23,420.17,10.5,21.09,High,1,0.74,0.68,0.5032,1.0,1
D322,F4,P168,2026-04-23,430.2,10.76,17.32,Medium,1,0.74,0.68,0.5032,1.0,1
D323,F4,P87,2026-04-23,862.12,21.55,39.45,Medium,1,0.74,0.68,0.5032,1.0,1
D324,F3,P73,2026-04-15,207.63,5.19,8.9,High,1,0.91,0.59,0.5369,1.0,1
D325,F5,P78,2026-04-29,728.04,18.2,27.06,Low,1,0.04,0.92,0.0368,1.0,1
D326,F4,P66,2026-04-28,688.08,17.2,25.83,Low,1,0.56,0.32,0.17920000000000003,1.0,1
D327,F3,P161,2026-04-10,803.27,20.08,28.03,High,1,0.22,0.4,0.08800000000000001,1.0,1
D328,F3,P175,2026-04-08,60.42,1.51,2.99,Low,1,0.84,0.87,0.7308,1.0,1
D329,F2,P69,2026-04-20,162.97,4.07,5.68,Medium,1,0.25,0.41,0.1025,1.0,1
D330,F3,P102,2026-04-06,290.44,7.26,12.94,High,1,0.55,0.71,0.3905,1.0,1
D331,F1,P146,2026-04-17,572.6,14.31,22.7,Medium,1,0.48,0.38,0.1824,0.9925656425332086,1
D332,F1,P107,2026-04-16,536.01,13.4,23.22,Low,1,0.35,0.71,0.24849999999999997,1.0,1
D333,F3,P78,2026-04-13,230.64,5.77,9.5,Low,1,0.58,0.86,0.49879999999999997,1.0,1
D334,F4,P168,2026-04-01,430.2,10.76,16.95,Medium,1,0.55,0.21,0.1155,1.0,1
D335,F4,P73,2026-04-16,871.78,21.79,31.38,High,1,0.35,0.71,0.24849999999999997,1.0,1
D336,F2,P143,2026-04-21,279.07,6.98,12.2,Low,1,0.57,0.74,0.42179999999999995,1.0,1
D337,F4,P127,2026-04-02,342.75,8.57,15.43,Medium,1,0.95,0.78,0.741,1.0,1
D338,F2,P49,2026-04-12,403.59,10.09,14.25,High,1,0.51,0.23,0.1173,1.0,1
D339,F3,P79,2026-04-04,642.06,16.05,36.85,High,1,0.97,1.0,0.97,1.0,1
D340,F4,P111,2026-04-06,873.39,21.83,42.15,Medium,1,0.55,0.71,0.3905,1.0,1
D341,F3,P41,2026-04-26,685.91,17.15,29.68,Low,1,0.53,0.44,0.23320000000000002,1.0,1
D342,F2,P137,2026-04-06,291.44,7.29,13.92,High,1,0.55,0.71,0.3905,1.0,1
D343,F3,P35,2026-04-20,178.04,4.45,5.92,Medium,1,0.25,0.41,0.1025,1.0,1
D344,F5,P59,2026-04-10,56.93,1.42,2.22,Medium,1,0.22,0.4,0.08800000000000001,1.0,1
D345,F1,P167,2026-04-07,637.0,15.92,27.67,High,1,0.97,0.69,0.6692999999999999,1.0,1
D346,F3,P21,2026-04-01,443.02,11.08,17.33,Low,1,0.55,0.21,0.1155,1.0,1
D347,F1,P74,2026-04-06,415.07,10.38,20.27,Low,1,0.55,0.71,0.3905,1.0,1
D348,F1,P130,2026-04-15,708.39,17.71,28.82,High,1,0.91,0.59,0.5369,1.0,1
D349,F1,P49,2026-04-06,753.82,18.85,29.35,High,1,0.55,0.71,0.3905,1.0,1
D350,F1,P197,2026-04-18,18.25,0.46,0.61,High,1,0.71,0.25,0.1775,1.0,1
D351,F3,P150,2026-04-01,507.27,12.68,18.91,Medium,1,0.55,0.21,0.1155,1.0,1
D352,F3,P75,2026-04-23,640.66,16.02,29.59,Low,1,0.74,0.68,0.5032,1.0,1
D353,F5,P127,2026-04-21,233.3,5.83,10.51,Medium,1,0.57,0.74,0.42179999999999995,1.0,1
D354,F4,P8,2026-04-06,720.11,18.0,32.87,Low,1,0.55,0.71,0.3905,1.0,1
D355,F4,P181,2026-04-09,481.14,12.03,21.42,Medium,1,0.84,0.43,0.36119999999999997,1.0,1
D356,F1,P90,2026-04-07,303.72,7.59,16.26,Medium,1,0.97,0.69,0.6692999999999999,1.0,1
D357,F3,P46,2026-04-26,662.44,16.56,24.56,Low,1,0.53,0.44,0.23320000000000002,1.0,1
D358,F5,P40,2026-04-09,484.75,12.12,19.96,Low,1,0.84,0.43,0.36119999999999997,1.0,1
D359,F4,P25,2026-04-14,425.37,10.63,19.2,Low,1,0.88,0.24,0.2112,1.0,1
D360,F3,P157,2026-04-16,474.78,11.87,17.56,Medium,1,0.35,0.71,0.24849999999999997,1.0,1
D361,F5,P8,2026-04-24,282.4,7.06,10.29,Low,1,0.24,0.4,0.096,1.0,1
D362,F2,P183,2026-04-19,488.53,12.21,16.26,High,1,0.33,0.43,0.1419,1.0,1
D363,F2,P88,2026-04-04,389.39,9.73,19.84,High,1,0.97,1.0,0.97,1.0,1
D364,F4,P37,2026-04-25,365.02,9.13,10.56,High,1,0.48,0.08,0.0384,0.352345799686833,0
D365,F1,P63,2026-04-05,355.63,8.89,13.7,Medium,1,0.06,0.74,0.044399999999999995,0.9975117004680187,1
D366,F4,P92,2026-04-21,747.07,18.68,28.81,Medium,1,0.57,0.74,0.42179999999999995,1.0,1
D367,F5,P11,2026-04-25,67.21,1.68,2.46,High,1,0.48,0.08,0.0384,0.9850914042719903,1
D368,F2,P85,2026-04-18,605.96,15.15,25.55,Low,1,0.71,0.25,0.1775,1.0,1
D369,F4,P195,2026-04-03,594.9,14.87,24.62,Medium,1,0.11,0.93,0.1023,1.0,1
D370,F2,P171,2026-04-04,317.29,7.93,17.75,Medium,1,0.97,1.0,0.97,1.0,1
D371,F3,P185,2026-04-28,101.66,2.54,4.3,Low,1,0.56,0.32,0.17920000000000003,1.0,1
D372,F5,P168,2026-04-23,546.25,13.66,24.34,Medium,1,0.74,0.68,0.5032,1.0,1
D373,F1,P49,2026-04-06,753.82,18.85,33.1,High,1,0.55,0.71,0.3905,1.0,1
D374,F3,P62,2026-04-22,628.13,15.7,25.43,Low,1,0.77,0.82,0.6314,0.9900545053615033,1
D375,F5,P198,2026-04-28,513.54,12.84,21.04,High,1,0.56,0.32,0.17920000000000003,1.0,1
D376,F3,P97,2026-04-10,508.45,12.71,17.3,High,1,0.22,0.4,0.08800000000000001,1.0,1
D377,F1,P42,2026-04-30,161.04,4.03,7.35,Low,1,0.92,0.25,0.23,1.0,1
D378,F5,P188,2026-04-02,76.22,1.91,3.68,High,1,0.95,0.78,0.741,1.0,1
D379,F5,P63,2026-04-22,655.19,16.38,32.48,Medium,1,0.77,0.82,0.6314,1.0,1
D380,F2,P93,2026-04-18,425.91,10.65,16.45,Medium,1,0.71,0.25,0.1775,1.0,1
D381,F4,P57,2026-04-09,473.58,11.84,18.71,Medium,1,0.84,0.43,0.36119999999999997,1.0,1
D382,F1,P174,2026-04-09,490.0,12.25,21.23,Medium,1,0.84,0.43,0.36119999999999997,1.0,1
D383,F4,P114,2026-04-28,647.27,16.18,25.03,Medium,1,0.56,0.32,0.17920000000000003,1.0,1
D384,F3,P27,2026-04-28,433.74,10.84,14.8,Low,1,0.56,0.32,0.17920000000000003,1.0,1
D385,F5,P120,2026-04-25,616.49,15.41,18.17,Low,1,0.48,0.08,0.0384,0.8358124344821133,1
D386,F3,P73,2026-04-28,207.63,5.19,7.82,High,1,0.56,0.32,0.17920000000000003,1.0,1
D387,F5,P184,2026-04-18,243.76,6.09,8.89,Medium,1,0.71,0.25,0.1775,1.0,1
D388,F1,P44,2026-04-02,774.84,19.37,43.25,Medium,1,0.95,0.78,0.741,1.0,1
D389,F1,P31,2026-04-26,557.55,13.94,18.8,High,1,0.53,0.44,0.23320000000000002,1.0,1
D390,F2,P183,2026-04-27,488.53,12.21,22.78,High,1,0.8,0.98,0.784,1.0,1
D391,F3,P170,2026-04-28,246.24,6.16,9.08,High,1,0.56,0.32,0.17920000000000003,1.0,1
D392,F5,P22,2026-04-06,772.7,19.32,34.19,Medium,1,0.55,0.71,0.3905,1.0,1
D393,F2,P18,2026-04-10,138.16,3.45,5.06,Low,1,0.22,0.4,0.08800000000000001,1.0,1
D394,F4,P172,2026-04-20,566.81,14.17,19.28,High,1,0.25,0.41,0.1025,1.0,1
D395,F3,P10,2026-04-26,672.5,16.81,26.05,Low,1,0.53,0.44,0.23320000000000002,1.0,1
D396,F2,P33,2026-04-01,337.58,8.44,12.23,Medium,1,0.55,0.21,0.1155,1.0,1
D397,F4,P117,2026-04-11,370.06,9.25,13.92,Medium,1,0.89,0.15,0.1335,1.0,1
D398,F5,P162,2026-04-23,757.12,18.93,33.28,Low,1,0.74,0.68,0.5032,1.0,1
D399,F3,P90,2026-04-18,263.11,6.58,9.89,Medium,1,0.71,0.25,0.1775,1.0,1
D400,F5,P196,2026-04-21,907.26,22.68,37.69,High,1,0.57,0.74,0.42179999999999995,1.0,1
D401,F3,P26,2026-04-22,810.98,20.27,35.71,Low,1,0.77,0.82,0.6314,1.0,1
D402,F5,P126,2026-04-12,571.56,14.29,18.95,Low,1,0.51,0.23,0.1173,1.0,1
D403,F2,P117,2026-04-22,479.52,11.99,23.66,Medium,1,0.77,0.82,0.6314,1.0,1
D404,F4,P161,2026-04-10,634.74,15.87,22.77,High,1,0.22,0.4,0.08800000000000001,1.0,1
D405,F3,P138,2026-04-21,780.84,19.52,29.73,Medium,1,0.57,0.74,0.42179999999999995,1.0,1
D406,F5,P69,2026-04-15,404.26,10.11,17.38,Medium,1,0.91,0.59,0.5369,1.0,1
D407,F1,P182,2026-04-07,253.1,6.33,11.54,Low,1,0.97,0.69,0.6692999999999999,1.0,1
D408,F4,P102,2026-04-27,695.22,17.38,32.8,High,1,0.8,0.98,0.784,1.0,1
D409,F1,P52,2026-04-18,737.17,18.43,32.6,High,1,0.71,0.25,0.1775,1.0,1
D410,F5,P153,2026-04-10,667.07,16.68,21.05,High,1,0.22,0.4,0.08800000000000001,1.0,1
D411,F2,P131,2026-04-11,469.03,11.73,20.11,High,1,0.89,0.15,0.1335,0.9926074658104289,1
D412,F1,P180,2026-04-16,239.16,5.98,10.19,High,1,0.35,0.71,0.24849999999999997,1.0,1
D413,F4,P103,2026-04-25,471.37,11.78,17.94,High,1,0.48,0.08,0.0384,0.6912034995471775,1
D414,F3,P183,2026-04-13,547.93,13.7,25.19,High,1,0.58,0.86,0.49879999999999997,1.0,1
D415,F1,P200,2026-04-18,398.4,9.96,15.96,Low,1,0.71,0.25,0.1775,1.0,1
D416,F2,P163,2026-04-19,223.11,5.58,7.99,High,1,0.33,0.43,0.1419,1.0,1
D417,F1,P185,2026-04-04,636.58,15.91,36.15,Low,1,0.97,1.0,0.97,1.0,1
D418,F1,P100,2026-04-30,693.59,17.34,32.3,Low,1,0.92,0.25,0.23,1.0,1
D419,F2,P136,2026-04-19,488.6,12.21,19.26,High,1,0.33,0.43,0.1419,1.0,1
D420,F1,P133,2026-04-10,451.6,11.29,14.47,Low,1,0.22,0.4,0.08800000000000001,1.0,1
D421,F5,P198,2026-04-23,513.54,12.84,22.1,High,1,0.74,0.68,0.5032,1.0,1
D422,F5,P177,2026-04-28,174.58,4.36,6.26,Medium,1,0.56,0.32,0.17920000000000003,1.0,1
D423,F3,P137,2026-04-19,311.61,7.79,9.88,High,1,0.33,0.43,0.1419,1.0,1
D424,F3,P43,2026-04-12,348.66,8.72,14.12,Low,1,0.51,0.23,0.1173,1.0,1
D425,F3,P73,2026-04-21,207.63,5.19,8.75,High,1,0.57,0.74,0.42179999999999995,1.0,1
D426,F4,P117,2026-04-18,370.06,9.25,15.34,Medium,1,0.71,0.25,0.1775,1.0,1
D427,F3,P161,2026-04-17,803.27,20.08,26.27,High,1,0.48,0.38,0.1824,1.0,1
D428,F5,P128,2026-04-14,385.86,9.65,16.12,High,1,0.88,0.24,0.2112,1.0,1
D429,F2,P116,2026-04-28,475.14,11.88,17.24,Low,1,0.56,0.32,0.17920000000000003,1.0,1
D430,F3,P96,2026-04-12,297.4,7.44,9.41,High,1,0.51,0.23,0.1173,1.0,1
D431,F2,P159,2026-04-19,546.5,13.66,20.46,Low,1,0.33,0.43,0.1419,1.0,1
D432,F2,P111,2026-04-23,388.36,9.71,16.32,Medium,1,0.74,0.68,0.5032,1.0,1
D433,F4,P181,2026-04-18,481.14,12.03,18.92,Medium,1,0.71,0.25,0.1775,1.0,1
D434,F3,P86,2026-04-25,433.19,10.83,14.71,Low,1,0.48,0.08,0.0384,0.6664371173376006,1
D435,F2,P101,2026-04-22,334.72,8.37,15.35,Low,1,0.77,0.82,0.6314,1.0,1
D436,F5,P60,2026-04-23,334.34,8.36,16.12,Medium,1,0.74,0.68,0.5032,1.0,1
D437,F3,P153,2026-04-08,675.19,16.88,35.74,High,1,0.84,0.87,0.7308,1.0,1
D438,F4,P15,2026-04-15,674.32,16.86,33.65,High,1,0.91,0.59,0.5369,1.0,1
D439,F2,P33,2026-04-22,337.58,8.44,17.06,Medium,1,0.77,0.82,0.6314,1.0,1
D440,F4,P147,2026-04-15,335.44,8.39,16.94,High,1,0.91,0.59,0.5369,1.0,1
D441,F5,P116,2026-04-10,788.05,19.7,23.77,Low,1,0.22,0.4,0.08800000000000001,1.0,1
D442,F5,P115,2026-04-14,353.65,8.84,12.8,Medium,1,0.88,0.24,0.2112,1.0,1
D443,F2,P61,2026-04-19,379.22,9.48,12.61,Low,1,0.33,0.43,0.1419,0.9975078125,1
D444,F4,P77,2026-04-06,505.78,12.64,22.05,Medium,1,0.55,0.71,0.3905,1.0,1
D445,F1,P129,2026-04-08,879.0,21.98,39.0,Medium,1,0.84,0.87,0.7308,1.0,1
D446,F4,P37,2026-04-04,365.02,9.13,16.61,High,1,0.97,1.0,0.97,0.9651220435592468,1
D447,F4,P182,2026-04-01,391.24,9.78,14.21,Low,1,0.55,0.21,0.1155,1.0,1
D448,F1,P177,2026-04-08,528.67,13.22,26.02,Medium,1,0.84,0.87,0.7308,1.0,1
D449,F1,P176,2026-04-26,619.17,15.48,24.81,Medium,1,0.53,0.44,0.23320000000000002,1.0,1
D450,F1,P187,2026-04-14,264.24,6.61,10.86,Medium,1,0.88,0.24,0.2112,1.0,1
D451,F5,P16,2026-04-13,342.04,8.55,13.71,Low,1,0.58,0.86,0.49879999999999997,1.0,1
D452,F2,P189,2026-04-28,374.38,9.36,15.28,High,1,0.56,0.32,0.17920000000000003,1.0,1
D453,F4,P55,2026-04-12,331.79,8.29,10.5,High,1,0.51,0.23,0.1173,1.0,1
D454,F1,P71,2026-04-30,629.21,15.73,24.74,Medium,1,0.92,0.25,0.23,0.9950349923934846,1
D455,F1,P169,2026-04-25,214.37,5.36,8.1,Low,1,0.48,0.08,0.0384,0.9702151241419023,1
D456,F3,P67,2026-04-19,463.68,11.59,18.27,High,1,0.33,0.43,0.1419,1.0,1
D457,F3,P49,2026-04-03,671.11,16.78,25.32,High,1,0.11,0.93,0.1023,1.0,1
D458,F1,P132,2026-04-04,293.09,7.33,17.14,High,1,0.97,1.0,0.97,1.0,1
D459,F1,P127,2026-04-05,476.53,11.91,19.23,Medium,1,0.06,0.74,0.044399999999999995,0.9900312135501221,1
D460,F4,P161,2026-04-21,634.74,15.87,28.16,High,1,0.57,0.74,0.42179999999999995,1.0,1
D461,F4,P10,2026-04-29,691.69,17.29,29.22,Low,1,0.04,0.92,0.0368,1.0,1
D462,F2,P182,2026-04-06,236.95,5.92,11.37,Low,1,0.55,0.71,0.3905,1.0,1
D463,F3,P139,2026-04-08,380.53,9.51,19.15,Medium,1,0.84,0.87,0.7308,1.0,1
D464,F1,P145,2026-04-01,568.44,14.21,20.47,Low,1,0.55,0.21,0.1155,1.0,1
D465,F1,P96,2026-04-01,796.02,19.9,27.51,High,1,0.55,0.21,0.1155,1.0,1
D466,F3,P158,2026-04-29,701.32,17.53,25.54,Low,1,0.04,0.92,0.0368,0.995015612831086,1
D467,F5,P6,2026-04-01,754.82,18.87,27.59,Medium,1,0.55,0.21,0.1155,1.0,1
D468,F2,P158,2026-04-21,433.25,10.83,21.17,Low,1,0.57,0.74,0.42179999999999995,1.0,1
D469,F5,P191,2026-04-28,663.16,16.58,22.8,Low,1,0.56,0.32,0.17920000000000003,1.0,1
D470,F2,P66,2026-04-24,401.98,10.05,15.6,Low,1,0.24,0.4,0.096,1.0,1
D471,F1,P84,2026-04-19,701.87,17.55,26.17,Medium,1,0.33,0.43,0.1419,1.0,1
D472,F3,P43,2026-04-24,348.66,8.72,13.62,Low,1,0.24,0.4,0.096,1.0,1
D473,F2,P49,2026-04-13,403.59,10.09,19.0,High,1,0.58,0.86,0.49879999999999997,1.0,1
D474,F5,P39,2026-04-12,80.48,2.01,2.63,Medium,1,0.51,0.23,0.1173,1.0,1
D475,F1,P7,2026-04-24,493.41,12.34,16.05,High,1,0.24,0.4,0.096,1.0,1
D476,F4,P91,2026-04-12,764.23,19.11,26.93,Low,1,0.51,0.23,0.1173,1.0,1
D477,F2,P88,2026-04-13,389.39,9.73,17.37,High,1,0.58,0.86,0.49879999999999997,1.0,1
D478,F2,P93,2026-04-04,425.91,10.65,21.29,Medium,1,0.97,1.0,0.97,1.0,1
D479,F4,P167,2026-04-09,803.13,20.08,36.47,High,1,0.84,0.43,0.36119999999999997,1.0,1
D480,F2,P17,2026-04-22,613.3,15.33,29.02,High,1,0.77,0.82,0.6314,1.0,1
D481,F1,P74,2026-04-03,415.07,10.38,18.74,Low,1,0.11,0.93,0.1023,1.0,1
D482,F1,P130,2026-04-24,708.39,17.71,21.59,High,1,0.24,0.4,0.096,1.0,1
D483,F1,P14,2026-04-07,682.57,17.06,34.19,Medium,1,0.97,0.69,0.6692999999999999,1.0,1
D484,F5,P93,2026-04-15,856.61,21.42,42.33,Medium,1,0.91,0.59,0.5369,1.0,1
D485,F5,P156,2026-04-21,501.5,12.54,20.31,Low,1,0.57,0.74,0.42179999999999995,1.0,1
D486,F4,P83,2026-04-26,209.96,5.25,9.17,High,1,0.53,0.44,0.23320000000000002,0.9975155763239876,1
D487,F4,P60,2026-04-08,204.86,5.12,10.81,Medium,1,0.84,0.87,0.7308,1.0,1
D488,F3,P50,2026-04-26,497.79,12.44,19.91,Low,1,0.53,0.44,0.23320000000000002,1.0,1
D489,F3,P96,2026-04-30,297.4,7.44,11.51,High,1,0.92,0.25,0.23,1.0,1
D490,F4,P63,2026-04-07,568.29,14.21,28.37,Medium,1,0.97,0.69,0.6692999999999999,1.0,1
D491,F4,P73,2026-04-29,871.78,21.79,31.69,High,1,0.04,0.92,0.0368,0.9950117248630673,1
D492,F4,P148,2026-04-02,507.71,12.69,26.61,Low,1,0.95,0.78,0.741,1.0,1
D493,F5,P185,2026-04-29,769.2,19.23,29.19,Low,1,0.04,0.92,0.0368,1.0,1
D494,F4,P114,2026-04-04,647.27,16.18,35.02,Medium,1,0.97,1.0,0.97,1.0,1
D495,F2,P104,2026-04-02,177.0,4.42,9.65,Low,1,0.95,0.78,0.741,1.0,1
D496,F4,P182,2026-04-01,391.24,9.78,14.19,Low,1,0.55,0.21,0.1155,1.0,1
D497,F2,P181,2026-04-22,280.71,7.02,14.71,Medium,1,0.77,0.82,0.6314,1.0,1
D498,F1,P23,2026-04-22,354.92,8.87,15.14,High,1,0.77,0.82,0.6314,1.0,1
D499,F4,P49,2026-04-22,587.23,14.68,30.11,High,1,0.77,0.82,0.6314,1.0,1
D500,F5,P195,2026-04-11,136.35,3.41,6.09,Medium,1,0.89,0.15,0.1335,1.0,1
D501,F3,P200,2026-04-01,687.73,17.19,21.97,Low,1,0.55,0.21,0.1155,1.0,1
D502,F3,P67,2026-04-06,463.68,11.59,19.49,High,1,0.55,0.71,0.3905,1.0,1
D503,F4,P180,2026-04-19,294.33,7.36,11.75,High,1,0.33,0.43,0.1419,0.9975155763239876,1
D504,F2,P22,2026-04-29,346.48,8.66,13.99,Medium,1,0.04,0.92,0.0368,0.9875304590997832,1
D505,F5,P7,2026-04-27,746.53,18.66,31.91,High,1,0.8,0.98,0.784,1.0,1
D506,F2,P6,2026-04-11,343.61,8.59,15.13,Medium,1,0.89,0.15,0.1335,0.9926074658104289,1
D507,F2,P53,2026-04-06,461.75,11.54,22.09,Low,1,0.55,0.71,0.3905,1.0,1
D508,F5,P200,2026-04-18,380.61,9.52,15.61,Low,1,0.71,0.25,0.1775,0.9975039123630672,1
D509,F4,P103,2026-04-24,471.37,11.78,17.27,High,1,0.24,0.4,0.096,1.0,1
D510,F3,P198,2026-04-17,198.44,4.96,7.52,High,1,0.48,0.38,0.1824,1.0,1
D511,F2,P131,2026-04-23,469.03,11.73,21.14,High,1,0.74,0.68,0.5032,1.0,1
D512,F2,P134,2026-04-09,245.2,6.13,11.52,Medium,1,0.84,0.43,0.36119999999999997,1.0,1
D513,F4,P14,2026-04-15,563.96,14.1,27.65,Medium,1,0.91,0.59,0.5369,1.0,1
D514,F1,P138,2026-04-23,647.62,16.19,25.02,Medium,1,0.74,0.68,0.5032,1.0,1
D515,F1,P104,2026-04-21,663.86,16.6,31.05,Low,1,0.57,0.74,0.42179999999999995,1.0,1
D516,F5,P97,2026-04-26,289.92,7.25,10.77,High,1,0.53,0.44,0.23320000000000002,1.0,1
D517,F2,P184,2026-04-16,495.82,12.4,22.02,Medium,1,0.35,0.71,0.24849999999999997,1.0,1
D518,F3,P86,2026-04-30,433.19,10.83,19.19,Low,1,0.92,0.25,0.23,1.0,1
D519,F2,P115,2026-04-19,254.66,6.37,9.96,Medium,1,0.33,0.43,0.1419,0.9950349442829457,1
D520,F1,P53,2026-04-06,42.2,1.06,1.63,Low,1,0.55,0.71,0.3905,1.0,1
D521,F3,P100,2026-04-17,499.91,12.5,17.72,Low,1,0.48,0.38,0.1824,0.9975,1
D522,F1,P52,2026-04-09,737.17,18.43,29.3,High,1,0.84,0.43,0.36119999999999997,1.0,1
D523,F4,P4,2026-04-10,582.14,14.55,22.44,High,1,0.22,0.4,0.08800000000000001,1.0,1
D524,F5,P17,2026-04-18,600.16,15.0,23.65,High,1,0.71,0.25,0.1775,1.0,1
D525,F4,P90,2026-04-22,582.44,14.56,25.13,Medium,1,0.77,0.82,0.6314,1.0,1
D526,F1,P177,2026-04-23,528.67,13.22,21.02,Medium,1,0.74,0.68,0.5032,1.0,1
D527,F5,P55,2026-04-14,220.2,5.5,8.63,High,1,0.88,0.24,0.2112,1.0,1
D528,F2,P191,2026-04-29,271.34,6.78,9.62,Low,1,0.04,0.92,0.0368,0.9975078125,1
D529,F1,P32,2026-04-22,488.15,12.2,20.77,Medium,1,0.77,0.82,0.6314,1.0,1
D530,F5,P97,2026-04-17,289.92,7.25,10.19,High,1,0.48,0.38,0.1824,1.0,1
D531,F5,P123,2026-04-02,169.12,4.23,7.3,Medium,1,0.95,0.78,0.741,1.0,1
D532,F5,P9,2026-04-17,754.79,18.87,31.18,Low,1,0.48,0.38,0.1824,1.0,1
D533,F3,P70,2026-04-24,521.93,13.05,17.23,High,1,0.24,0.4,0.096,1.0,1
D534,F2,P110,2026-04-02,141.68,3.54,6.69,Low,1,0.95,0.78,0.741,1.0,1
D535,F4,P2,2026-04-18,504.78,12.62,19.26,Low,1,0.71,0.25,0.1775,1.0,1
D536,F3,P47,2026-04-19,251.52,6.29,9.08,High,1,0.33,0.43,0.1419,1.0,1
D537,F2,P6,2026-04-11,343.61,8.59,12.24,Medium,1,0.89,0.15,0.1335,0.9926074658104289,1
D538,F4,P198,2026-04-27,590.5,14.76,29.15,High,1,0.8,0.98,0.784,1.0,1
D539,F5,P18,2026-04-20,303.25,7.58,9.11,Low,1,0.25,0.41,0.1025,1.0,1
D540,F1,P135,2026-04-12,707.76,17.69,22.85,High,1,0.51,0.23,0.1173,1.0,1
D541,F2,P123,2026-04-03,271.5,6.79,12.22,Medium,1,0.11,0.93,0.1023,1.0,1
D542,F3,P133,2026-04-13,744.9,18.62,33.74,Low,1,0.58,0.86,0.49879999999999997,1.0,1
D543,F4,P51,2026-04-07,350.37,8.76,16.75,High,1,0.97,0.69,0.6692999999999999,1.0,1
D544,F1,P45,2026-04-09,418.08,10.45,18.55,Medium,1,0.84,0.43,0.36119999999999997,1.0,1
D545,F3,P103,2026-04-06,298.85,7.47,13.23,High,1,0.55,0.71,0.3905,1.0,1
D546,F1,P54,2026-04-11,284.04,7.1,12.31,High,1,0.89,0.15,0.1335,1.0,1
D547,F3,P14,2026-04-15,562.46,14.06,27.33,Medium,1,0.91,0.59,0.5369,1.0,1
D548,F3,P57,2026-04-18,312.45,7.81,12.49,Medium,1,0.71,0.25,0.1775,1.0,1
D549,F2,P88,2026-04-29,389.39,9.73,14.38,High,1,0.04,0.92,0.0368,0.9950104221033402,1
D550,F3,P170,2026-04-26,246.24,6.16,10.62,High,1,0.53,0.44,0.23320000000000002,1.0,1
D551,F4,P63,2026-04-07,568.29,14.21,29.61,Medium,1,0.97,0.69,0.6692999999999999,1.0,1
D552,F5,P49,2026-04-28,122.47,3.06,4.69,High,1,0.56,0.32,0.17920000000000003,1.0,1
D553,F5,P157,2026-04-05,341.89,8.55,12.35,Medium,1,0.06,0.74,0.044399999999999995,1.0,1
D554,F3,P40,2026-04-25,739.68,18.49,25.7,Low,1,0.48,0.08,0.0384,0.8632838858659204,1
D555,F5,P128,2026-04-17,385.86,9.65,15.49,High,1,0.48,0.38,0.1824,1.0,1
D556,F4,P23,2026-04-26,445.64,11.14,18.5,High,1,0.53,0.44,0.23320000000000002,1.0,1
D557,F1,P27,2026-04-18,495.48,12.39,21.28,Low,1,0.71,0.25,0.1775,1.0,1
D558,F3,P13,2026-04-18,380.97,9.52,12.83,Medium,1,0.71,0.25,0.1775,1.0,1
D559,F2,P192,2026-04-20,324.14,8.1,11.13,Low,1,0.25,0.41,0.1025,1.0,1
D560,F1,P130,2026-04-11,708.39,17.71,32.07,High,1,0.89,0.15,0.1335,1.0,1
D561,F3,P109,2026-04-05,329.39,8.23,12.5,High,1,0.06,0.74,0.044399999999999995,1.0,1
D562,F3,P74,2026-04-11,180.62,4.52,6.96,Low,1,0.89,0.15,0.1335,0.995033697752729,1
D563,F1,P141,2026-04-16,683.49,17.09,28.15,Medium,1,0.35,0.71,0.24849999999999997,1.0,1
D564,F5,P82,2026-04-08,657.6,16.44,30.13,Medium,1,0.84,0.87,0.7308,1.0,1
D565,F4,P94,2026-04-30,558.25,13.96,24.92,Low,1,0.92,0.25,0.23,1.0,1
D566,F5,P5,2026-04-08,426.06,10.65,20.09,Low,1,0.84,0.87,0.7308,1.0,1
D567,F3,P117,2026-04-04,749.65,18.74,37.07,Medium,1,0.97,1.0,0.97,1.0,1
D568,F4,P119,2026-04-10,491.17,12.28,15.05,Low,1,0.22,0.4,0.08800000000000001,1.0,1
D569,F2,P160,2026-04-01,537.43,13.44,17.18,High,1,0.55,0.21,0.1155,1.0,1
D570,F3,P91,2026-04-02,174.81,4.37,7.38,Low,1,0.95,0.78,0.741,1.0,1
D571,F5,P121,2026-04-09,671.93,16.8,29.15,Medium,1,0.84,0.43,0.36119999999999997,1.0,1
D572,F4,P83,2026-04-12,209.96,5.25,8.56,High,1,0.51,0.23,0.1173,0.9975155763239876,1
D573,F5,P106,2026-04-11,696.53,17.41,24.2,Medium,1,0.89,0.15,0.1335,1.0,1
D574,F2,P119,2026-04-04,118.47,2.96,6.07,Low,1,0.97,1.0,0.97,1.0,1
D575,F2,P183,2026-04-21,488.53,12.21,23.88,High,1,0.57,0.74,0.42179999999999995,1.0,1
D576,F3,P9,2026-04-07,75.41,1.89,3.67,Low,1,0.97,0.69,0.6692999999999999,1.0,1
D577,F5,P32,2026-04-05,879.92,22.0,29.02,Medium,1,0.06,0.74,0.044399999999999995,1.0,1
D578,F3,P190,2026-04-02,420.3,10.51,19.58,Low,1,0.95,0.78,0.741,1.0,1
D579,F2,P195,2026-04-15,562.19,14.05,29.1,Medium,1,0.91,0.59,0.5369,1.0,1
D580,F5,P177,2026-04-22,174.58,4.36,8.83,Medium,1,0.77,0.82,0.6314,1.0,1
D581,F1,P172,2026-04-04,429.53,10.74,24.95,High,1,0.97,1.0,0.97,1.0,1
D582,F1,P68,2026-04-06,461.38,11.53,17.29,High,1,0.55,0.71,0.3905,1.0,1
D583,F4,P118,2026-04-07,420.07,10.5,22.33,High,1,0.97,0.69,0.6692999999999999,1.0,1
D584,F3,P153,2026-04-05,675.19,16.88,23.54,High,1,0.06,0.74,0.044399999999999995,1.0,1
D585,F1,P177,2026-04-06,528.67,13.22,24.95,Medium,1,0.55,0.71,0.3905,1.0,1
D586,F5,P147,2026-04-11,545.72,13.64,22.89,High,1,0.89,0.15,0.1335,1.0,1
D587,F2,P177,2026-04-08,344.87,8.62,16.45,Medium,1,0.84,0.87,0.7308,1.0,1
D588,F4,P38,2026-04-02,703.74,17.59,33.17,Low,1,0.95,0.78,0.741,1.0,1
D589,F2,P63,2026-04-05,252.54,6.31,9.01,Medium,1,0.06,0.74,0.044399999999999995,0.9975078125,1
D590,F2,P167,2026-04-25,302.88,7.57,11.19,High,1,0.48,0.08,0.0384,0.7984120569304289,1
D591,F5,P64,2026-04-09,723.75,18.09,34.18,High,1,0.84,0.43,0.36119999999999997,1.0,1
D592,F2,P57,2026-04-15,65.61,1.64,3.28,Medium,1,0.91,0.59,0.5369,1.0,1
D593,F2,P83,2026-04-27,354.66,8.87,17.21,High,1,0.8,0.98,0.784,1.0,1
D594,F1,P156,2026-04-08,861.77,21.54,39.65,Low,1,0.84,0.87,0.7308,1.0,1
D595,F5,P57,2026-04-19,411.7,10.29,15.39,Medium,1,0.33,0.43,0.1419,1.0,1
D596,F2,P189,2026-04-02,374.38,9.36,17.01,High,1,0.95,0.78,0.741,1.0,1
D597,F2,P127,2026-04-29,267.7,6.69,11.23,Medium,1,0.04,0.92,0.0368,0.9925363825869813,1
D598,F3,P59,2026-04-20,672.94,16.82,21.99,Medium,1,0.25,0.41,0.1025,0.9975155763239876,1
D599,F3,P21,2026-04-09,443.02,11.08,19.21,Low,1,0.84,0.43,0.36119999999999997,1.0,1
D600,F5,P140,2026-04-30,579.0,14.48,22.07,Low,1,0.92,0.25,0.23,1.0,1
D601,F4,P57,2026-04-26,473.58,11.84,19.72,Medium,1,0.53,0.44,0.23320000000000002,1.0,1
D602,F4,P48,2026-04-23,736.88,18.42,30.55,High,1,0.74,0.68,0.5032,1.0,1
D603,F2,P135,2026-04-08,351.58,8.79,19.26,High,1,0.84,0.87,0.7308,1.0,1
D604,F2,P190,2026-04-09,186.63,4.67,6.9,Low,1,0.84,0.43,0.36119999999999997,1.0,1
D605,F5,P76,2026-04-29,753.36,18.83,33.02,High,1,0.04,0.92,0.0368,0.9925096528367895,1
D606,F2,P174,2026-04-08,255.09,6.38,13.3,Medium,1,0.84,0.87,0.7308,1.0,1
D607,F2,P13,2026-04-01,320.29,8.01,11.03,Medium,1,0.55,0.21,0.1155,1.0,1
D608,F5,P155,2026-04-27,477.82,11.95,24.54,Low,1,0.8,0.98,0.784,1.0,1
D609,F4,P93,2026-04-26,782.77,19.57,31.94,Medium,1,0.53,0.44,0.23320000000000002,1.0,1
D610,F5,P41,2026-04-27,235.84,5.9,10.39,Low,1,0.8,0.98,0.784,1.0,1
D611,F2,P39,2026-04-06,362.05,9.05,15.07,Medium,1,0.55,0.71,0.3905,0.9975078125,1
D612,F5,P71,2026-04-23,174.76,4.37,8.03,Medium,1,0.74,0.68,0.5032,1.0,1
D613,F1,P113,2026-04-26,103.33,2.58,4.5,Medium,1,0.53,0.44,0.23320000000000002,1.0,1
D614,F5,P45,2026-04-26,490.92,12.27,16.44,Medium,1,0.53,0.44,0.23320000000000002,1.0,1
D615,F1,P67,2026-04-17,282.15,7.05,9.72,High,1,0.48,0.38,0.1824,1.0,1
D616,F4,P14,2026-04-22,563.96,14.1,23.08,Medium,1,0.77,0.82,0.6314,1.0,1
D617,F2,P166,2026-04-15,484.93,12.12,23.29,Low,1,0.91,0.59,0.5369,1.0,1
D618,F3,P113,2026-04-23,578.13,14.45,25.12,Medium,1,0.74,0.68,0.5032,1.0,1
D619,F5,P138,2026-04-14,165.68,4.14,6.73,Medium,1,0.88,0.24,0.2112,1.0,1
D620,F3,P65,2026-04-01,628.08,15.7,23.53,High,1,0.55,0.21,0.1155,0.9925466928615033,1
D621,F1,P174,2026-04-01,490.0,12.25,15.55,Medium,1,0.55,0.21,0.1155,1.0,1
D622,F2,P43,2026-04-27,150.04,3.75,6.51,Low,1,0.8,0.98,0.784,1.0,1
D623,F2,P35,2026-04-11,143.0,3.57,6.38,Medium,1,0.89,0.15,0.1335,0.9926074658104289,1
D624,F5,P143,2026-04-04,501.58,12.54,29.24,Low,1,0.97,1.0,0.97,1.0,1
D625,F4,P107,2026-04-21,470.89,11.77,18.66,Low,1,0.57,0.74,0.42179999999999995,1.0,1
D626,F5,P25,2026-04-08,130.53,3.26,6.59,Low,1,0.84,0.87,0.7308,1.0,1
D627,F3,P198,2026-04-10,198.44,4.96,6.63,High,1,0.22,0.4,0.08800000000000001,1.0,1
D628,F1,P115,2026-04-18,355.51,8.89,15.16,Medium,1,0.71,0.25,0.1775,1.0,1
D629,F3,P117,2026-04-12,749.65,18.74,25.42,Medium,1,0.51,0.23,0.1173,1.0,1
D630,F4,P54,2026-04-06,202.61,5.07,9.07,High,1,0.55,0.71,0.3905,0.9950465360763096,1
D631,F4,P171,2026-04-14,519.78,12.99,22.18,Medium,1,0.88,0.24,0.2112,0.9975155763239876,1
D632,F5,P30,2026-04-25,657.75,16.44,21.42,Medium,1,0.48,0.08,0.0384,0.9428016643104171,1
D633,F5,P66,2026-04-23,243.42,6.09,10.21,Low,1,0.74,0.68,0.5032,1.0,1
D634,F3,P144,2026-04-06,768.57,19.21,36.08,Medium,1,0.55,0.71,0.3905,1.0,1
D635,F4,P65,2026-04-25,293.29,7.33,9.21,High,1,0.48,0.08,0.0384,0.8706213260402818,1
D636,F2,P8,2026-04-22,405.51,10.14,19.47,Low,1,0.77,0.82,0.6314,1.0,1
D637,F5,P125,2026-04-01,593.61,14.84,18.66,High,1,0.55,0.21,0.1155,1.0,1
D638,F3,P42,2026-04-18,645.45,16.14,23.32,Low,1,0.71,0.25,0.1775,1.0,1
D639,F2,P105,2026-04-19,473.4,11.83,17.16,Low,1,0.33,0.43,0.1419,0.995030959752322,1
D640,F2,P98,2026-04-07,504.69,12.62,22.81,Low,1,0.97,0.69,0.6692999999999999,1.0,1
D641,F5,P163,2026-04-21,289.34,7.23,11.18,High,1,0.57,0.74,0.42179999999999995,1.0,1
D642,F1,P38,2026-04-25,467.75,11.69,15.09,Low,1,0.48,0.08,0.0384,0.8332370058012546,1
D643,F3,P82,2026-04-05,206.86,5.17,6.92,Medium,1,0.06,0.74,0.044399999999999995,1.0,1
D644,F3,P111,2026-04-02,502.6,12.57,23.67,Medium,1,0.95,0.78,0.741,1.0,1
D645,F5,P89,2026-04-28,84.99,2.12,3.64,High,1,0.56,0.32,0.17920000000000003,1.0,1
D646,F2,P134,2026-04-02,245.2,6.13,12.0,Medium,1,0.95,0.78,0.741,1.0,1
D647,F5,P125,2026-04-15,593.61,14.84,23.44,High,1,0.91,0.59,0.5369,1.0,1
D648,F1,P200,2026-04-28,398.4,9.96,13.86,Low,1,0.56,0.32,0.17920000000000003,1.0,1
D649,F3,P47,2026-04-21,251.52,6.29,11.58,High,1,0.57,0.74,0.42179999999999995,1.0,1
D650,F5,P188,2026-04-26,76.22,1.91,2.81,High,1,0.53,0.44,0.23320000000000002,1.0,1
D651,F2,P176,2026-04-04,378.59,9.46,18.23,Medium,1,0.97,1.0,0.97,1.0,1
D652,F4,P147,2026-04-16,335.44,8.39,15.24,High,1,0.35,0.71,0.24849999999999997,0.9975155763239876,1
D653,F5,P30,2026-04-18,657.75,16.44,28.85,Medium,1,0.71,0.25,0.1775,1.0,1
D654,F3,P33,2026-04-17,581.89,14.55,21.51,Medium,1,0.48,0.38,0.1824,0.9950155763239876,1
D655,F4,P136,2026-04-15,828.32,20.71,34.59,High,1,0.91,0.59,0.5369,1.0,1
D656,F5,P152,2026-04-20,94.71,2.37,3.47,Low,1,0.25,0.41,0.1025,1.0,1
D657,F1,P64,2026-04-15,205.38,5.13,9.75,High,1,0.91,0.59,0.5369,1.0,1
D658,F3,P112,2026-04-29,162.98,4.07,6.74,Low,1,0.04,0.92,0.0368,0.9925389047565518,1
D659,F5,P140,2026-04-14,579.0,14.48,21.19,Low,1,0.88,0.24,0.2112,1.0,1
D660,F4,P177,2026-04-16,336.82,8.42,12.99,Medium,1,0.35,0.71,0.24849999999999997,1.0,1
D661,F2,P37,2026-04-19,504.14,12.6,18.83,High,1,0.33,0.43,0.1419,0.9950233888239876,1
D662,F3,P50,2026-04-24,497.79,12.44,18.43,Low,1,0.24,0.4,0.096,1.0,1
D663,F3,P12,2026-04-03,162.62,4.07,6.36,Medium,1,0.11,0.93,0.1023,1.0,1
D664,F1,P57,2026-04-05,437.29,10.93,15.91,Medium,1,0.06,0.74,0.044399999999999995,1.0,1
D665,F4,P130,2026-04-09,690.75,17.27,25.46,High,1,0.84,0.43,0.36119999999999997,1.0,1
D666,F4,P94,2026-04-20,558.25,13.96,19.99,Low,1,0.25,0.41,0.1025,1.0,1
D667,F1,P2,2026-04-06,507.02,12.68,21.49,Low,1,0.55,0.71,0.3905,1.0,1
D668,F4,P136,2026-04-06,828.32,20.71,30.42,High,1,0.55,0.71,0.3905,1.0,1
D669,F1,P158,2026-04-01,585.94,14.65,21.85,Low,1,0.55,0.21,0.1155,1.0,1
D670,F3,P56,2026-04-01,631.46,15.79,25.92,High,1,0.55,0.21,0.1155,1.0,1
D671,F1,P18,2026-04-27,497.84,12.45,26.17,Low,1,0.8,0.98,0.784,1.0,1
D672,F2,P24,2026-04-01,357.09,8.93,11.65,Low,1,0.55,0.21,0.1155,1.0,1
D673,F5,P48,2026-04-28,733.63,18.34,27.33,High,1,0.56,0.32,0.17920000000000003,1.0,1
D674,F2,P161,2026-04-26,533.86,13.35,23.49,High,1,0.53,0.44,0.23320000000000002,1.0,1
D675,F4,P115,2026-04-27,286.24,7.16,14.54,Medium,1,0.8,0.98,0.784,1.0,1
D676,F2,P83,2026-04-13,354.66,8.87,18.07,High,1,0.58,0.86,0.49879999999999997,1.0,1
D677,F1,P185,2026-04-14,636.58,15.91,26.75,Low,1,0.88,0.24,0.2112,1.0,1
D678,F1,P83,2026-04-03,392.01,9.8,14.73,High,1,0.11,0.93,0.1023,1.0,1
D679,F3,P20,2026-04-29,479.97,12.0,18.34,Low,1,0.04,0.92,0.0368,0.9950349923934846,1
D680,F5,P188,2026-04-06,76.22,1.91,3.24,High,1,0.55,0.71,0.3905,1.0,1
D681,F4,P130,2026-04-03,690.75,17.27,28.3,High,1,0.11,0.93,0.1023,1.0,1
D682,F5,P43,2026-04-27,426.31,10.66,23.98,Low,1,0.8,0.98,0.784,1.0,1
D683,F4,P8,2026-04-01,720.11,18.0,27.97,Low,1,0.55,0.21,0.1155,1.0,1
D684,F1,P160,2026-04-06,61.61,1.54,2.57,High,1,0.55,0.71,0.3905,1.0,1
D685,F2,P22,2026-04-06,346.48,8.66,16.78,Medium,1,0.55,0.71,0.3905,1.0,1
D686,F3,P180,2026-04-06,432.88,10.82,18.76,High,1,0.55,0.71,0.3905,1.0,1
D687,F5,P108,2026-04-17,595.92,14.9,21.49,Medium,1,0.48,0.38,0.1824,1.0,1
D688,F2,P127,2026-04-11,267.7,6.69,11.74,Medium,1,0.89,0.15,0.1335,0.9926074658104289,1
D689,F4,P24,2026-04-15,813.48,20.34,39.95,Low,1,0.91,0.59,0.5369,1.0,1
D690,F5,P12,2026-04-26,584.61,14.62,21.84,Medium,1,0.53,0.44,0.23320000000000002,1.0,1
D691,F1,P27,2026-04-21,495.48,12.39,21.73,Low,1,0.57,0.74,0.42179999999999995,1.0,1
D692,F3,P77,2026-04-24,586.95,14.67,21.9,Medium,1,0.24,0.4,0.096,1.0,1
D693,F2,P54,2026-04-09,339.52,8.49,14.77,High,1,0.84,0.43,0.36119999999999997,1.0,1
D694,F4,P134,2026-04-26,342.16,8.55,13.37,Medium,1,0.53,0.44,0.23320000000000002,1.0,1
D695,F4,P44,2026-04-22,767.98,19.2,38.74,Medium,1,0.77,0.82,0.6314,1.0,1
D696,F5,P109,2026-04-04,607.34,15.18,30.54,High,1,0.97,1.0,0.97,1.0,1
D697,F1,P130,2026-04-28,708.39,17.71,23.82,High,1,0.56,0.32,0.17920000000000003,1.0,1
D698,F2,P96,2026-04-14,364.19,9.1,13.45,High,1,0.88,0.24,0.2112,1.0,1
D699,F4,P75,2026-04-24,207.5,5.19,7.73,Low,1,0.24,0.4,0.096,1.0,1
D700,F5,P137,2026-04-13,605.5,15.14,23.61,High,1,0.58,0.86,0.49879999999999997,1.0,1
D701,F5,P52,2026-04-14,137.77,3.44,5.75,High,1,0.88,0.24,0.2112,1.0,1
D702,F5,P182,2026-04-07,531.54,13.29,23.95,Low,1,0.97,0.69,0.6692999999999999,1.0,1
D703,F2,P84,2026-04-05,212.01,5.3,8.09,Medium,1,0.06,0.74,0.044399999999999995,1.0,1
D704,F4,P131,2026-04-15,289.08,7.23,12.31,High,1,0.91,0.59,0.5369,1.0,1
D705,F2,P60,2026-04-05,350.23,8.76,12.48,Medium,1,0.06,0.74,0.044399999999999995,0.9975078125,1
D706,F3,P156,2026-04-20,506.07,12.65,19.63,Low,1,0.25,0.41,0.1025,1.0,1
D707,F3,P177,2026-04-14,611.8,15.3,22.5,Medium,1,0.88,0.24,0.2112,1.0,1
D708,F4,P39,2026-04-21,443.41,11.09,17.91,Medium,1,0.57,0.74,0.42179999999999995,1.0,1
D709,F5,P134,2026-04-20,490.11,12.25,18.42,Medium,1,0.25,0.41,0.1025,1.0,1
D710,F2,P19,2026-04-12,385.01,9.63,15.78,Medium,1,0.51,0.23,0.1173,0.9900467776479752,1
D711,F5,P191,2026-04-25,663.16,16.58,21.82,Low,1,0.48,0.08,0.0384,0.9751616352354595,1
D712,F2,P178,2026-04-23,518.52,12.96,24.86,Medium,1,0.74,0.68,0.5032,1.0,1
D713,F5,P42,2026-04-09,632.82,15.82,30.56,Low,1,0.84,0.43,0.36119999999999997,1.0,1
D714,F2,P101,2026-04-05,334.72,8.37,12.14,Low,1,0.06,0.74,0.044399999999999995,1.0,1
D715,F5,P63,2026-04-30,655.19,16.38,24.48,Medium,1,0.92,0.25,0.23,1.0,1
D716,F1,P114,2026-04-07,331.39,8.28,16.52,Medium,1,0.97,0.69,0.6692999999999999,1.0,1
D717,F4,P4,2026-04-18,582.14,14.55,22.3,High,1,0.71,0.25,0.1775,1.0,1
D718,F4,P135,2026-04-05,558.3,13.96,20.25,High,1,0.06,0.74,0.044399999999999995,0.9975039123630672,1
D719,F4,P21,2026-04-04,463.88,11.6,22.84,Low,1,0.97,1.0,0.97,1.0,1
D720,F1,P113,2026-04-12,103.33,2.58,3.64,Medium,1,0.51,0.23,0.1173,1.0,1
D721,F5,P186,2026-04-27,403.73,10.09,22.56,Low,1,0.8,0.98,0.784,1.0,1
D722,F5,P134,2026-04-28,490.11,12.25,20.85,Medium,1,0.56,0.32,0.17920000000000003,1.0,1
D723,F4,P70,2026-04-21,742.25,18.56,29.62,High,1,0.57,0.74,0.42179999999999995,1.0,1
D724,F5,P5,2026-04-30,426.06,10.65,16.08,Low,1,0.92,0.25,0.23,1.0,1
D725,F2,P63,2026-04-13,252.54,6.31,11.07,Medium,1,0.58,0.86,0.49879999999999997,1.0,1
D726,F1,P179,2026-04-14,264.12,6.6,10.51,Low,1,0.88,0.24,0.2112,1.0,1
D727,F2,P193,2026-04-10,71.5,1.79,2.68,Medium,1,0.22,0.4,0.08800000000000001,1.0,1
D728,F5,P63,2026-04-02,655.19,16.38,29.88,Medium,1,0.95,0.78,0.741,1.0,1
D729,F5,P195,2026-04-19,136.35,3.41,5.64,Medium,1,0.33,0.43,0.1419,1.0,1
D730,F2,P73,2026-04-12,345.81,8.65,11.2,High,1,0.51,0.23,0.1173,0.9975078125,1
D731,F4,P160,2026-04-11,321.82,8.05,13.8,High,1,0.89,0.15,0.1335,0.987584146192106,1
D732,F2,P168,2026-04-08,217.53,5.44,9.32,Medium,1,0.84,0.87,0.7308,1.0,1
D733,F3,P62,2026-04-13,628.13,15.7,26.04,Low,1,0.58,0.86,0.49879999999999997,0.9900545053615033,1
D734,F3,P24,2026-04-01,88.14,2.2,3.18,Low,1,0.55,0.21,0.1155,1.0,1
D735,F1,P179,2026-04-02,264.12,6.6,13.98,Low,1,0.95,0.78,0.741,1.0,1
D736,F3,P138,2026-04-20,780.84,19.52,27.31,Medium,1,0.25,0.41,0.1025,1.0,1
D737,F5,P79,2026-04-27,167.18,4.18,7.36,High,1,0.8,0.98,0.784,1.0,1
D738,F4,P192,2026-04-25,345.73,8.64,10.76,Low,1,0.48,0.08,0.0384,0.8880658945642302,1
D739,F4,P109,2026-04-18,839.78,20.99,34.99,High,1,0.71,0.25,0.1775,1.0,1
D740,F2,P2,2026-04-02,75.91,1.9,3.92,Low,1,0.95,0.78,0.741,1.0,1
D741,F5,P16,2026-04-20,342.04,8.55,11.74,Low,1,0.25,0.41,0.1025,1.0,1
D742,F4,P198,2026-04-20,590.5,14.76,22.32,High,1,0.25,0.41,0.1025,1.0,1
D743,F1,P41,2026-04-16,510.9,12.77,17.84,Low,1,0.35,0.71,0.24849999999999997,1.0,1
D744,F4,P45,2026-04-24,512.81,12.82,15.64,Medium,1,0.24,0.4,0.096,1.0,1
D745,F2,P6,2026-04-13,343.61,8.59,14.02,Medium,1,0.58,0.86,0.49879999999999997,1.0,1
D746,F1,P132,2026-04-09,293.09,7.33,12.67,High,1,0.84,0.43,0.36119999999999997,1.0,1
D747,F3,P142,2026-04-07,361.82,9.05,17.86,Medium,1,0.97,0.69,0.6692999999999999,0.9975078125,1
D748,F1,P23,2026-04-06,354.92,8.87,13.13,High,1,0.55,0.71,0.3905,1.0,1
D749,F5,P25,2026-04-06,130.53,3.26,5.06,Low,1,0.55,0.71,0.3905,1.0,1
D750,F4,P54,2026-04-30,202.61,5.07,7.85,High,1,0.92,0.25,0.23,0.997530959752322,1
D751,F1,P81,2026-04-19,161.99,4.05,6.66,Medium,1,0.33,0.43,0.1419,1.0,1
D752,F4,P14,2026-04-14,563.96,14.1,26.23,Medium,1,0.88,0.24,0.2112,1.0,1
D753,F1,P10,2026-04-01,830.11,20.75,32.71,Low,1,0.55,0.21,0.1155,1.0,1
D754,F1,P43,2026-04-03,355.51,8.89,16.17,Low,1,0.11,0.93,0.1023,0.9975117004680187,1
D755,F3,P26,2026-04-27,810.98,20.27,43.37,Low,1,0.8,0.98,0.784,1.0,1
D756,F5,P52,2026-04-14,137.77,3.44,5.48,High,1,0.88,0.24,0.2112,1.0,1
D757,F2,P114,2026-04-29,469.93,11.75,20.04,Medium,1,0.04,0.92,0.0368,0.9850462075822769,1
D758,F1,P155,2026-04-26,521.67,13.04,21.82,Low,1,0.53,0.44,0.23320000000000002,1.0,1
D759,F4,P62,2026-04-02,456.91,11.42,23.15,Low,1,0.95,0.78,0.741,1.0,1
D760,F4,P173,2026-04-03,101.85,2.55,3.56,Low,1,0.11,0.93,0.1023,0.9975026096033404,1
D761,F1,P110,2026-04-07,354.04,8.85,18.2,Low,1,0.97,0.69,0.6692999999999999,1.0,1
D762,F1,P192,2026-04-30,523.01,13.08,22.45,Low,1,0.92,0.25,0.23,1.0,1
D763,F3,P56,2026-04-02,631.46,15.79,32.22,High,1,0.95,0.78,0.741,1.0,1
D764,F5,P17,2026-04-03,600.16,15.0,27.36,High,1,0.11,0.93,0.1023,1.0,1
D765,F3,P199,2026-04-15,566.78,14.17,23.81,Medium,1,0.91,0.59,0.5369,1.0,1
D766,F1,P79,2026-04-17,759.18,18.98,30.51,High,1,0.48,0.38,0.1824,1.0,1
D767,F2,P17,2026-04-18,613.3,15.33,25.07,High,1,0.71,0.25,0.1775,1.0,1
D768,F1,P131,2026-04-11,560.93,14.02,19.77,High,1,0.89,0.15,0.1335,1.0,1
D769,F3,P97,2026-04-05,508.45,12.71,17.57,High,1,0.06,0.74,0.044399999999999995,1.0,1
D770,F5,P20,2026-04-22,366.93,9.17,18.03,Low,1,0.77,0.82,0.6314,1.0,1
D771,F4,P47,2026-04-26,482.3,12.06,19.14,High,1,0.53,0.44,0.23320000000000002,1.0,1
D772,F3,P40,2026-04-23,739.68,18.49,34.13,Low,1,0.74,0.68,0.5032,1.0,1
D773,F3,P31,2026-04-08,69.42,1.74,3.39,High,1,0.84,0.87,0.7308,1.0,1
D774,F3,P31,2026-04-04,69.42,1.74,3.71,High,1,0.97,1.0,0.97,1.0,1
D775,F1,P47,2026-04-21,302.21,7.56,11.59,High,1,0.57,0.74,0.42179999999999995,1.0,1
D776,F4,P167,2026-04-20,803.13,20.08,24.35,High,1,0.25,0.41,0.1025,1.0,1
D777,F1,P161,2026-04-19,847.66,21.19,34.5,High,1,0.33,0.43,0.1419,1.0,1
D778,F4,P153,2026-04-30,219.67,5.49,7.96,High,1,0.92,0.25,0.23,1.0,1
D779,F1,P70,2026-04-16,796.36,19.91,32.59,High,1,0.35,0.71,0.24849999999999997,1.0,1
D780,F4,P43,2026-04-10,397.84,9.95,14.58,Low,1,0.22,0.4,0.08800000000000001,1.0,1
D781,F1,P199,2026-04-07,777.43,19.44,33.85,Medium,1,0.97,0.69,0.6692999999999999,1.0,1
D782,F5,P53,2026-04-17,660.82,16.52,24.2,Low,1,0.48,0.38,0.1824,1.0,1
D783,F4,P105,2026-04-28,525.78,13.14,18.95,Low,1,0.56,0.32,0.17920000000000003,1.0,1
D784,F2,P88,2026-04-12,389.39,9.73,12.35,High,1,0.51,0.23,0.1173,1.0,1
D785,F5,P86,2026-04-21,305.16,7.63,14.87,Low,1,0.57,0.74,0.42179999999999995,1.0,1
D786,F3,P179,2026-04-14,472.8,11.82,17.74,Low,1,0.88,0.24,0.2112,1.0,1
D787,F5,P4,2026-04-06,94.01,2.35,3.82,High,1,0.55,0.71,0.3905,1.0,1
D788,F4,P87,2026-04-11,862.12,21.55,31.96,Medium,1,0.89,0.15,0.1335,1.0,1
D789,F4,P50,2026-04-15,571.14,14.28,26.34,Low,1,0.91,0.59,0.5369,1.0,1
D790,F4,P59,2026-04-01,519.18,12.98,16.89,Medium,1,0.55,0.21,0.1155,1.0,1
D791,F1,P33,2026-04-25,762.42,19.06,28.51,Medium,1,0.48,0.08,0.0384,0.9950104221033403,1
D792,F5,P105,2026-04-25,793.91,19.85,24.54,Low,1,0.48,0.08,0.0384,0.9751616352354595,1
D793,F5,P98,2026-04-16,758.13,18.95,27.89,Low,1,0.35,0.71,0.24849999999999997,1.0,1
D794,F3,P73,2026-04-08,207.63,5.19,10.78,High,1,0.84,0.87,0.7308,1.0,1
D795,F2,P125,2026-04-05,354.12,8.85,13.55,High,1,0.06,0.74,0.044399999999999995,1.0,1
D796,F4,P99,2026-04-05,634.03,15.85,24.38,Low,1,0.06,0.74,0.044399999999999995,1.0,1
D797,F4,P193,2026-04-11,469.24,11.73,16.53,Medium,1,0.89,0.15,0.1335,1.0,1
D798,F2,P112,2026-04-11,353.81,8.85,15.93,Low,1,0.89,0.15,0.1335,0.9851567398871457,1
D799,F4,P31,2026-04-23,775.02,19.38,32.96,High,1,0.74,0.68,0.5032,1.0,1
D800,F4,P153,2026-04-16,219.67,5.49,8.93,High,1,0.35,0.71,0.24849999999999997,1.0,1
D801,F5,P47,2026-04-05,585.97,14.65,18.94,High,1,0.06,0.74,0.044399999999999995,1.0,1
D802,F3,P192,2026-04-30,591.84,14.8,22.25,Low,1,0.92,0.25,0.23,1.0,1
D803,F3,P133,2026-04-22,744.9,18.62,39.92,Low,1,0.77,0.82,0.6314,1.0,1
D804,F3,P138,2026-04-22,780.84,19.52,39.45,Medium,1,0.77,0.82,0.6314,1.0,1
D805,F2,P81,2026-04-14,355.01,8.88,14.94,Medium,1,0.88,0.24,0.2112,1.0,1
D806,F4,P137,2026-04-22,827.77,20.69,33.76,High,1,0.77,0.82,0.6314,1.0,1
D807,F3,P28,2026-04-15,728.26,18.21,34.97,High,1,0.91,0.59,0.5369,1.0,1
D808,F2,P31,2026-04-25,344.68,8.62,11.92,High,1,0.48,0.08,0.0384,0.7460647279208439,1
D809,F5,P6,2026-04-15,754.82,18.87,34.03,Medium,1,0.91,0.59,0.5369,1.0,1
D810,F2,P112,2026-04-24,353.81,8.85,13.51,Low,1,0.24,0.4,0.096,1.0,1
D811,F3,P147,2026-04-14,404.62,10.12,17.81,High,1,0.88,0.24,0.2112,1.0,1
D812,F5,P51,2026-04-19,655.5,16.39,25.18,High,1,0.33,0.43,0.1419,1.0,1
D813,F5,P197,2026-04-07,703.76,17.59,36.94,High,1,0.97,0.69,0.6692999999999999,1.0,1
D814,F2,P27,2026-04-19,160.53,4.01,6.43,Low,1,0.33,0.43,0.1419,1.0,1
D815,F3,P72,2026-04-20,128.95,3.22,3.89,Medium,1,0.25,0.41,0.1025,1.0,1
D816,F4,P69,2026-04-30,378.59,9.46,15.06,Medium,1,0.92,0.25,0.23,1.0,1
D817,F2,P49,2026-04-07,403.59,10.09,17.67,High,1,0.97,0.69,0.6692999999999999,1.0,1
D818,F1,P12,2026-04-07,408.29,10.21,19.61,Medium,1,0.97,0.69,0.6692999999999999,1.0,1
D819,F5,P191,2026-04-08,663.16,16.58,30.5,Low,1,0.84,0.87,0.7308,1.0,1
D820,F2,P138,2026-04-12,511.43,12.79,20.24,Medium,1,0.51,0.23,0.1173,1.0,1
D821,F1,P101,2026-04-21,183.55,4.59,8.15,Low,1,0.57,0.74,0.42179999999999995,1.0,1
D822,F4,P47,2026-04-06,482.3,12.06,19.62,High,1,0.55,0.71,0.3905,1.0,1
D823,F2,P149,2026-04-16,458.45,11.46,16.52,Low,1,0.35,0.71,0.24849999999999997,1.0,1
D824,F1,P84,2026-04-26,701.87,17.55,29.92,Medium,1,0.53,0.44,0.23320000000000002,1.0,1
D825,F5,P152,2026-04-13,94.71,2.37,3.74,Low,1,0.58,0.86,0.49879999999999997,1.0,1
D826,F5,P53,2026-04-10,660.82,16.52,20.33,Low,1,0.22,0.4,0.08800000000000001,1.0,1
D827,F1,P10,2026-04-07,830.11,20.75,41.76,Low,1,0.97,0.69,0.6692999999999999,1.0,1
D828,F2,P52,2026-04-14,375.77,9.39,15.71,High,1,0.88,0.24,0.2112,1.0,1
D829,F2,P149,2026-04-30,458.45,11.46,17.65,Low,1,0.92,0.25,0.23,1.0,1
D830,F1,P15,2026-04-30,576.34,14.41,24.85,High,1,0.92,0.25,0.23,1.0,1
D831,F2,P66,2026-04-20,401.98,10.05,12.53,Low,1,0.25,0.41,0.1025,1.0,1
D832,F4,P61,2026-04-21,660.05,16.5,31.23,Low,1,0.57,0.74,0.42179999999999995,1.0,1
D833,F3,P128,2026-04-16,541.73,13.54,19.07,High,1,0.35,0.71,0.24849999999999997,1.0,1
D834,F4,P193,2026-04-14,469.24,11.73,18.56,Medium,1,0.88,0.24,0.2112,1.0,1
D835,F3,P111,2026-04-04,502.6,12.57,28.34,Medium,1,0.97,1.0,0.97,1.0,1
D836,F4,P62,2026-04-10,456.91,11.42,16.06,Low,1,0.22,0.4,0.08800000000000001,1.0,1
D837,F5,P176,2026-04-17,83.39,2.08,3.49,Medium,1,0.48,0.38,0.1824,1.0,1
D838,F2,P145,2026-04-18,408.02,10.2,16.59,Low,1,0.71,0.25,0.1775,1.0,1
D839,F2,P4,2026-04-27,451.69,11.29,20.12,High,1,0.8,0.98,0.784,1.0,1
D840,F2,P19,2026-04-20,385.01,9.63,14.7,Medium,1,0.25,0.41,0.1025,0.9900338109273279,1
D841,F1,P50,2026-04-17,654.32,16.36,27.99,Low,1,0.48,0.38,0.1824,1.0,1
D842,F1,P129,2026-04-17,879.0,21.98,35.33,Medium,1,0.48,0.38,0.1824,1.0,1
D843,F4,P57,2026-04-11,473.58,11.84,21.36,Medium,1,0.89,0.15,0.1335,1.0,1
D844,F4,P156,2026-04-21,846.37,21.16,40.14,Low,1,0.57,0.74,0.42179999999999995,1.0,1
D845,F1,P185,2026-04-16,636.58,15.91,26.7,Low,1,0.35,0.71,0.24849999999999997,1.0,1
D846,F4,P1,2026-04-06,622.2,15.56,25.28,High,1,0.55,0.71,0.3905,1.0,1
D847,F2,P66,2026-04-18,401.98,10.05,16.9,Low,1,0.71,0.25,0.1775,1.0,1
D848,F2,P64,2026-04-16,631.66,15.79,25.36,High,1,0.35,0.71,0.24849999999999997,1.0,1
D849,F4,P116,2026-04-29,512.33,12.81,21.09,Low,1,0.04,0.92,0.0368,0.9975039123630672,1
D850,F2,P60,2026-04-07,350.23,8.76,14.47,Medium,1,0.97,0.69,0.6692999999999999,1.0,1
D851,F3,P39,2026-04-29,638.0,15.95,25.57,Medium,1,0.04,0.92,0.0368,1.0,1
D852,F5,P150,2026-04-28,463.46,11.59,16.76,Medium,1,0.56,0.32,0.17920000000000003,1.0,1
D853,F3,P65,2026-04-22,628.08,15.7,33.0,High,1,0.77,0.82,0.6314,0.9925466928615033,1
D854,F3,P8,2026-04-25,639.33,15.98,22.22,Low,1,0.48,0.08,0.0384,0.8308763773359807,1
D855,F4,P129,2026-04-21,636.92,15.92,27.49,Medium,1,0.57,0.74,0.42179999999999995,1.0,1
D856,F4,P49,2026-04-08,587.23,14.68,26.91,High,1,0.84,0.87,0.7308,1.0,1
D857,F2,P123,2026-04-25,271.5,6.79,8.17,Medium,1,0.48,0.08,0.0384,0.7935720395233568,1
D858,F5,P4,2026-04-15,94.01,2.35,3.91,High,1,0.91,0.59,0.5369,1.0,1
D859,F1,P90,2026-04-15,303.72,7.59,13.4,Medium,1,0.91,0.59,0.5369,1.0,1
D860,F1,P127,2026-04-17,476.53,11.91,16.34,Medium,1,0.48,0.38,0.1824,0.9900734550332086,1
D861,F4,P168,2026-04-26,430.2,10.76,18.79,Medium,1,0.53,0.44,0.23320000000000002,1.0,1
D862,F1,P126,2026-04-15,461.52,11.54,23.77,Low,1,0.91,0.59,0.5369,1.0,1
D863,F3,P196,2026-04-20,233.36,5.83,7.3,High,1,0.25,0.41,0.1025,1.0,1
D864,F5,P22,2026-04-28,772.7,19.32,25.52,Medium,1,0.56,0.32,0.17920000000000003,1.0,1
D865,F1,P109,2026-04-01,773.58,19.34,24.69,High,1,0.55,0.21,0.1155,1.0,1
D866,F1,P159,2026-04-17,800.99,20.02,31.35,Low,1,0.48,0.38,0.1824,0.9975461538461539,1
D867,F1,P84,2026-04-06,701.87,17.55,33.61,Medium,1,0.55,0.71,0.3905,1.0,1
D868,F1,P63,2026-04-08,355.63,8.89,16.34,Medium,1,0.84,0.87,0.7308,1.0,1
D869,F4,P27,2026-04-16,436.56,10.91,17.45,Low,1,0.35,0.71,0.24849999999999997,1.0,1
D870,F2,P23,2026-04-05,135.04,3.38,5.1,High,1,0.06,0.74,0.044399999999999995,0.9975026096033404,1
D871,F4,P149,2026-04-24,261.69,6.54,8.15,Low,1,0.24,0.4,0.096,1.0,1
D872,F1,P53,2026-04-16,42.2,1.06,1.64,Low,1,0.35,0.71,0.24849999999999997,1.0,1
D873,F2,P33,2026-04-04,337.58,8.44,20.1,Medium,1,0.97,1.0,0.97,1.0,1
D874,F2,P95,2026-04-17,482.11,12.05,20.42,Low,1,0.48,0.38,0.1824,0.9950026096033403,1
D875,F4,P54,2026-04-12,202.61,5.07,7.94,High,1,0.51,0.23,0.1173,0.9950465360763096,1
D876,F4,P101,2026-04-23,276.03,6.9,12.11,Low,1,0.74,0.68,0.5032,1.0,1
D877,F1,P57,2026-04-19,437.29,10.93,17.15,Medium,1,0.33,0.43,0.1419,1.0,1
D878,F4,P21,2026-04-22,463.88,11.6,23.82,Low,1,0.77,0.82,0.6314,1.0,1
D879,F5,P96,2026-04-29,708.8,17.72,24.3,High,1,0.04,0.92,0.0368,1.0,1
D880,F4,P60,2026-04-21,204.86,5.12,7.65,Medium,1,0.57,0.74,0.42179999999999995,1.0,1
D881,F2,P18,2026-04-23,138.16,3.45,6.42,Low,1,0.74,0.68,0.5032,1.0,1
D882,F5,P25,2026-04-06,130.53,3.26,6.05,Low,1,0.55,0.71,0.3905,1.0,1
D883,F5,P11,2026-04-04,67.21,1.68,3.65,High,1,0.97,1.0,0.97,1.0,1
D884,F4,P170,2026-04-08,798.88,19.97,36.51,High,1,0.84,0.87,0.7308,1.0,1
D885,F3,P33,2026-04-21,581.89,14.55,24.4,Medium,1,0.57,0.74,0.42179999999999995,1.0,1
D886,F2,P134,2026-04-19,245.2,6.13,8.19,Medium,1,0.33,0.43,0.1419,0.9975271317829457,1
D887,F2,P99,2026-04-02,532.91,13.32,26.78,Low,1,0.95,0.78,0.741,1.0,1
D888,F5,P66,2026-04-27,243.42,6.09,13.34,Low,1,0.8,0.98,0.784,1.0,1
D889,F5,P129,2026-04-26,181.57,4.54,6.66,Medium,1,0.53,0.44,0.23320000000000002,1.0,1
D890,F2,P20,2026-04-03,264.31,6.61,11.65,Low,1,0.11,0.93,0.1023,1.0,1
D891,F3,P21,2026-04-02,443.02,11.08,24.2,Low,1,0.95,0.78,0.741,1.0,1
D892,F2,P45,2026-04-15,83.75,2.09,3.5,Medium,1,0.91,0.59,0.5369,1.0,1
D893,F4,P66,2026-04-07,688.08,17.2,35.94,Low,1,0.97,0.69,0.6692999999999999,1.0,1
D894,F2,P109,2026-04-02,304.99,7.62,15.83,High,1,0.95,0.78,0.741,1.0,1
D895,F1,P22,2026-04-15,454.76,11.37,22.48,Medium,1,0.91,0.59,0.5369,1.0,1
D896,F2,P6,2026-04-12,343.61,8.59,14.08,Medium,1,0.51,0.23,0.1173,1.0,1
D897,F3,P168,2026-04-26,299.38,7.48,10.18,Medium,1,0.53,0.44,0.23320000000000002,1.0,1
D898,F3,P99,2026-04-01,802.34,20.06,32.62,Low,1,0.55,0.21,0.1155,1.0,1
D899,F2,P177,2026-04-11,344.87,8.62,13.34,Medium,1,0.89,0.15,0.1335,0.9926074658104289,1
D900,F3,P184,2026-04-06,752.16,18.8,28.24,Medium,1,0.55,0.71,0.3905,1.0,1
D901,F1,P44,2026-04-07,774.84,19.37,35.95,Medium,1,0.97,0.69,0.6692999999999999,1.0,1
D902,F1,P57,2026-04-18,437.29,10.93,16.42,Medium,1,0.71,0.25,0.1775,1.0,1
D903,F3,P82,2026-04-24,206.86,5.17,6.94,Medium,1,0.24,0.4,0.096,1.0,1
D904,F2,P14,2026-04-09,296.96,7.42,11.56,Medium,1,0.84,0.43,0.36119999999999997,1.0,1
D905,F3,P174,2026-04-27,46.06,1.15,1.97,Medium,1,0.8,0.98,0.784,1.0,1
D906,F2,P127,2026-04-18,267.7,6.69,10.85,Medium,1,0.71,0.25,0.1775,1.0,1
D907,F4,P25,2026-04-06,425.37,10.63,18.32,Low,1,0.55,0.71,0.3905,1.0,1
D908,F1,P152,2026-04-23,770.23,19.26,34.64,Low,1,0.74,0.68,0.5032,1.0,1
D909,F1,P113,2026-04-13,103.33,2.58,4.79,Medium,1,0.58,0.86,0.49879999999999997,1.0,1
D910,F1,P34,2026-04-25,250.33,6.26,7.64,High,1,0.48,0.08,0.0384,0.9851004951366688,1
D911,F1,P5,2026-04-24,549.11,13.73,21.35,Low,1,0.24,0.4,0.096,1.0,1
D912,F5,P58,2026-04-05,459.81,11.5,19.31,Medium,1,0.06,0.74,0.044399999999999995,1.0,1
D913,F4,P153,2026-04-08,219.67,5.49,9.54,High,1,0.84,0.87,0.7308,1.0,1
D914,F5,P24,2026-04-06,790.88,19.77,30.49,Low,1,0.55,0.71,0.3905,1.0,1
D915,F1,P151,2026-04-28,659.01,16.48,27.9,Low,1,0.56,0.32,0.17920000000000003,1.0,1
D916,F1,P74,2026-04-21,415.07,10.38,19.31,Low,1,0.57,0.74,0.42179999999999995,1.0,1
D917,F5,P11,2026-04-30,67.21,1.68,2.98,High,1,0.92,0.25,0.23,1.0,1
D918,F1,P62,2026-04-21,634.12,15.85,28.72,Low,1,0.57,0.74,0.42179999999999995,1.0,1
D919,F2,P80,2026-04-10,308.18,7.7,11.03,Medium,1,0.22,0.4,0.08800000000000001,1.0,1
D920,F1,P16,2026-04-17,370.9,9.27,13.89,Low,1,0.48,0.38,0.1824,0.9975026096033404,1
D921,F1,P114,2026-04-06,331.39,8.28,14.22,Medium,1,0.55,0.71,0.3905,1.0,1
D922,F5,P169,2026-04-12,777.56,19.44,28.1,Low,1,0.51,0.23,0.1173,1.0,1
D923,F2,P138,2026-04-13,511.43,12.79,24.87,Medium,1,0.58,0.86,0.49879999999999997,1.0,1
D924,F4,P48,2026-04-11,736.88,18.42,27.97,High,1,0.89,0.15,0.1335,1.0,1
D925,F2,P80,2026-04-28,308.18,7.7,11.67,Medium,1,0.56,0.32,0.17920000000000003,1.0,1
D926,F2,P35,2026-04-05,143.0,3.57,4.88,Medium,1,0.06,0.74,0.044399999999999995,1.0,1
D927,F4,P175,2026-04-06,681.33,17.03,28.87,Low,1,0.55,0.71,0.3905,1.0,1
D928,F5,P81,2026-04-09,653.13,16.33,24.87,Medium,1,0.84,0.43,0.36119999999999997,1.0,1
D929,F2,P93,2026-04-04,425.91,10.65,22.44,Medium,1,0.97,1.0,0.97,1.0,1
D930,F4,P97,2026-04-10,304.85,7.62,11.77,High,1,0.22,0.4,0.08800000000000001,0.9975155763239876,1
D931,F5,P116,2026-04-30,788.05,19.7,32.61,Low,1,0.92,0.25,0.23,1.0,1
D932,F5,P117,2026-04-25,143.99,3.6,4.46,Medium,1,0.48,0.08,0.0384,0.960310423680382,1
D933,F4,P30,2026-04-29,659.68,16.49,24.3,Medium,1,0.04,0.92,0.0368,1.0,1
D934,F2,P150,2026-04-14,353.71,8.84,12.6,Medium,1,0.88,0.24,0.2112,1.0,1
D935,F2,P163,2026-04-13,223.11,5.58,10.54,High,1,0.58,0.86,0.49879999999999997,1.0,1
D936,F1,P23,2026-04-01,354.92,8.87,11.67,High,1,0.55,0.21,0.1155,1.0,1
D937,F5,P155,2026-04-06,477.82,11.95,21.96,Low,1,0.55,0.71,0.3905,1.0,1
D938,F3,P44,2026-04-13,437.17,10.93,17.97,Medium,1,0.58,0.86,0.49879999999999997,1.0,1
D939,F4,P148,2026-04-14,507.71,12.69,18.82,Low,1,0.88,0.24,0.2112,1.0,1
D940,F3,P123,2026-04-07,545.93,13.65,27.34,Medium,1,0.97,0.69,0.6692999999999999,1.0,1
D941,F4,P184,2026-04-14,270.43,6.76,12.1,Medium,1,0.88,0.24,0.2112,1.0,1
D942,F4,P1,2026-04-13,622.2,15.56,30.11,High,1,0.58,0.86,0.49879999999999997,1.0,1
D943,F4,P57,2026-04-28,473.58,11.84,18.52,Medium,1,0.56,0.32,0.17920000000000003,1.0,1
D944,F5,P34,2026-04-28,462.59,11.56,16.41,High,1,0.56,0.32,0.17920000000000003,1.0,1
D945,F1,P96,2026-04-07,796.02,19.9,40.95,High,1,0.97,0.69,0.6692999999999999,1.0,1
D946,F1,P56,2026-04-27,700.76,17.52,39.46,High,1,0.8,0.98,0.784,1.0,1
D947,F4,P165,2026-04-05,806.12,20.15,28.37,Medium,1,0.06,0.74,0.044399999999999995,1.0,1
D948,F1,P176,2026-04-13,619.17,15.48,25.08,Medium,1,0.58,0.86,0.49879999999999997,1.0,1
D949,F5,P19,2026-04-29,818.97,20.47,34.7,Medium,1,0.04,0.92,0.0368,0.9900252291607771,1
D950,F4,P143,2026-04-08,315.82,7.9,15.38,Low,1,0.84,0.87,0.7308,1.0,1
D951,F3,P35,2026-04-17,178.04,4.45,7.3,Medium,1,0.48,0.38,0.1824,1.0,1
D952,F1,P96,2026-04-17,796.02,19.9,28.99,High,1,0.48,0.38,0.1824,1.0,1
D953,F2,P113,2026-04-07,480.03,12.0,20.95,Medium,1,0.97,0.69,0.6692999999999999,1.0,1
D954,F5,P149,2026-04-24,235.23,5.88,7.09,Low,1,0.24,0.4,0.096,1.0,1
D955,F5,P79,2026-04-07,167.18,4.18,7.87,High,1,0.97,0.69,0.6692999999999999,1.0,1
D956,F2,P9,2026-04-15,323.92,8.1,14.76,Low,1,0.91,0.59,0.5369,1.0,1
D957,F5,P3,2026-04-03,712.02,17.8,32.36,Medium,1,0.11,0.93,0.1023,1.0,1
D958,F2,P102,2026-04-10,164.65,4.12,5.21,High,1,0.22,0.4,0.08800000000000001,1.0,1
D959,F1,P62,2026-04-23,634.12,15.85,26.84,Low,1,0.74,0.68,0.5032,1.0,1
D960,F1,P151,2026-04-18,659.01,16.48,28.71,Low,1,0.71,0.25,0.1775,1.0,1
D961,F3,P118,2026-04-21,668.44,16.71,31.88,High,1,0.57,0.74,0.42179999999999995,1.0,1
D962,F1,P191,2026-04-05,329.46,8.24,10.64,Low,1,0.06,0.74,0.044399999999999995,1.0,1
D963,F1,P165,2026-04-21,513.41,12.84,24.56,Medium,1,0.57,0.74,0.42179999999999995,1.0,1
D964,F5,P47,2026-04-09,585.97,14.65,25.81,High,1,0.84,0.43,0.36119999999999997,1.0,1
D965,F5,P165,2026-04-11,924.28,23.11,32.21,Medium,1,0.89,0.15,0.1335,1.0,1
D966,F3,P193,2026-04-04,308.96,7.72,14.4,Medium,1,0.97,1.0,0.97,1.0,1
D967,F4,P78,2026-04-02,586.58,14.66,29.77,Low,1,0.95,0.78,0.741,1.0,1
D968,F3,P66,2026-04-11,646.38,16.16,28.94,Low,1,0.89,0.15,0.1335,1.0,1
D969,F5,P9,2026-04-09,754.79,18.87,36.04,Low,1,0.84,0.43,0.36119999999999997,1.0,1
D970,F3,P129,2026-04-17,874.89,21.87,32.35,Medium,1,0.48,0.38,0.1824,0.9975155763239876,1
D971,F5,P86,2026-04-15,305.16,7.63,13.48,Low,1,0.91,0.59,0.5369,1.0,1
D972,F4,P85,2026-04-10,253.88,6.35,9.64,Low,1,0.22,0.4,0.08800000000000001,1.0,1
D973,F3,P135,2026-04-04,620.62,15.52,33.1,High,1,0.97,1.0,0.97,1.0,1
D974,F4,P166,2026-04-02,653.29,16.33,31.44,Low,1,0.95,0.78,0.741,1.0,1
D975,F3,P62,2026-04-26,628.13,15.7,23.86,Low,1,0.53,0.44,0.23320000000000002,0.9875854651138254,1
D976,F3,P167,2026-04-10,107.07,2.68,4.0,High,1,0.22,0.4,0.08800000000000001,1.0,1
D977,F3,P71,2026-04-15,544.06,13.6,24.41,Medium,1,0.91,0.59,0.5369,1.0,1
D978,F5,P4,2026-04-09,94.01,2.35,4.3,High,1,0.84,0.43,0.36119999999999997,1.0,1
D979,F5,P4,2026-04-06,94.01,2.35,3.48,High,1,0.55,0.71,0.3905,1.0,1
D980,F2,P188,2026-04-10,451.45,11.29,14.92,High,1,0.22,0.4,0.08800000000000001,1.0,1
D981,F5,P158,2026-04-14,151.0,3.78,5.77,Low,1,0.88,0.24,0.2112,1.0,1
D982,F5,P148,2026-04-05,61.31,1.53,2.06,Low,1,0.06,0.74,0.044399999999999995,1.0,1
D983,F4,P34,2026-04-16,283.16,7.08,12.4,High,1,0.35,0.71,0.24849999999999997,0.9975155763239876,1
D984,F5,P27,2026-04-01,285.1,7.13,9.99,Low,1,0.55,0.21,0.1155,1.0,1
D985,F1,P67,2026-04-06,282.15,7.05,11.17,High,1,0.55,0.71,0.3905,1.0,1
D986,F5,P88,2026-04-16,705.19,17.63,29.3,High,1,0.35,0.71,0.24849999999999997,1.0,1
D987,F1,P159,2026-04-15,800.99,20.02,35.16,Low,1,0.91,0.59,0.5369,1.0,1
D988,F3,P88,2026-04-27,370.46,9.26,18.67,High,1,0.8,0.98,0.784,1.0,1
D989,F2,P55,2026-04-16,535.98,13.4,23.35,High,1,0.35,0.71,0.24849999999999997,1.0,1
D990,F3,P79,2026-04-14,642.06,16.05,25.96,High,1,0.88,0.24,0.2112,1.0,1
D991,F5,P117,2026-04-13,143.99,3.6,5.75,Medium,1,0.58,0.86,0.49879999999999997,1.0,1
D992,F1,P32,2026-04-11,488.15,12.2,19.81,Medium,1,0.89,0.15,0.1335,0.9975155763239876,1
D993,F4,P77,2026-04-23,505.78,12.64,20.83,Medium,1,0.74,0.68,0.5032,1.0,1
D994,F5,P126,2026-04-05,571.56,14.29,23.81,Low,1,0.06,0.74,0.044399999999999995,1.0,1
D995,F2,P115,2026-04-24,254.66,6.37,9.06,Medium,1,0.24,0.4,0.096,1.0,1
D996,F2,P175,2026-04-06,269.75,6.74,12.47,Low,1,0.55,0.71,0.3905,1.0,1
D997,F2,P32,2026-04-15,456.76,11.42,19.18,Medium,1,0.91,0.59,0.5369,1.0,1
D998,F4,P102,2026-04-14,695.22,17.38,30.54,High,1,0.88,0.24,0.2112,1.0,1
D999,F4,P194,2026-04-09,479.12,11.98,21.91,High,1,0.84,0.43,0.36119999999999997,1.0,1
D1000,F1,P182,2026-04-07,253.1,6.33,11.4,Low,1,0.97,0.69,0.6692999999999999,1.0,1
D1001,F2,P4,2026-04-25,451.69,11.29,17.24,High,1,0.48,0.08,0.0384,0.6340181666355302,1
D1002,F1,P17,2026-04-01,319.63,7.99,11.03,High,1,0.55,0.21,0.1155,1.0,1
D1003,F2,P34,2026-04-28,281.96,7.05,10.92,High,1,0.56,0.32,0.17920000000000003,1.0,1
D1004,F4,P172,2026-04-05,566.81,14.17,22.06,High,1,0.06,0.74,0.044399999999999995,1.0,1
D1005,F3,P146,2026-04-28,754.4,18.86,31.9,Medium,1,0.56,0.32,0.17920000000000003,1.0,1
D1006,F5,P42,2026-04-13,632.82,15.82,31.84,Low,1,0.58,0.86,0.49879999999999997,1.0,1
D1007,F1,P196,2026-04-24,526.69,13.17,20.68,High,1,0.24,0.4,0.096,1.0,1
D1008,F2,P186,2026-04-14,188.61,4.72,7.79,Low,1,0.88,0.24,0.2112,1.0,1
D1009,F2,P96,2026-04-23,364.19,9.1,16.45,High,1,0.74,0.68,0.5032,1.0,1
D1010,F3,P176,2026-04-02,653.73,16.34,29.13,Medium,1,0.95,0.78,0.741,1.0,1
D1011,F5,P48,2026-04-10,733.63,18.34,22.59,High,1,0.22,0.4,0.08800000000000001,1.0,1
D1012,F3,P114,2026-04-05,329.76,8.24,13.49,Medium,1,0.06,0.74,0.044399999999999995,1.0,1
D1013,F3,P111,2026-04-10,502.6,12.57,16.38,Medium,1,0.22,0.4,0.08800000000000001,1.0,1
D1014,F4,P114,2026-04-15,647.27,16.18,27.36,Medium,1,0.91,0.59,0.5369,1.0,1
D1015,F5,P89,2026-04-12,84.99,2.12,3.15,High,1,0.51,0.23,0.1173,1.0,1
D1016,F5,P92,2026-04-11,862.75,21.57,38.05,Medium,1,0.89,0.15,0.1335,1.0,1
D1017,F5,P118,2026-04-14,75.97,1.9,3.32,High,1,0.88,0.24,0.2112,1.0,1
D1018,F1,P105,2026-04-02,192.84,4.82,8.72,Low,1,0.95,0.78,0.741,1.0,1
D1019,F2,P59,2026-04-07,398.56,9.96,19.65,Medium,1,0.97,0.69,0.6692999999999999,1.0,1
D1020,F4,P159,2026-04-30,558.41,13.96,26.05,Low,1,0.92,0.25,0.23,1.0,1
D1021,F3,P9,2026-04-02,75.41,1.89,3.85,Low,1,0.95,0.78,0.741,1.0,1
D1022,F5,P98,2026-04-09,758.13,18.95,34.01,Low,1,0.84,0.43,0.36119999999999997,1.0,1
D1023,F1,P159,2026-04-16,800.99,20.02,32.17,Low,1,0.35,0.71,0.24849999999999997,1.0,1
D1024,F4,P165,2026-04-19,806.12,20.15,31.18,Medium,1,0.33,0.43,0.1419,1.0,1
D1025,F3,P119,2026-04-20,394.4,9.86,13.82,Low,1,0.25,0.41,0.1025,1.0,1
D1026,F4,P196,2026-04-29,808.76,20.22,28.12,High,1,0.04,0.92,0.0368,1.0,1
D1027,F1,P62,2026-04-16,634.12,15.85,25.67,Low,1,0.35,0.71,0.24849999999999997,1.0,1
D1028,F4,P42,2026-04-04,201.14,5.03,11.23,Low,1,0.97,1.0,0.97,1.0,1
D1029,F4,P17,2026-04-15,109.11,2.73,5.5,High,1,0.91,0.59,0.5369,0.997530959752322,1
D1030,F3,P31,2026-04-24,69.42,1.74,2.24,High,1,0.24,0.4,0.096,1.0,1
D1031,F5,P37,2026-04-12,722.44,18.06,28.12,High,1,0.51,0.23,0.1173,1.0,1
D1032,F3,P122,2026-04-09,586.95,14.67,26.42,Medium,1,0.84,0.43,0.36119999999999997,1.0,1
D1033,F5,P107,2026-04-09,268.72,6.72,10.2,Low,1,0.84,0.43,0.36119999999999997,1.0,1
D1034,F4,P103,2026-04-14,471.37,11.78,20.12,High,1,0.88,0.24,0.2112,1.0,1
D1035,F4,P119,2026-04-05,491.17,12.28,17.62,Low,1,0.06,0.74,0.044399999999999995,1.0,1
D1036,F5,P42,2026-04-20,632.82,15.82,22.32,Low,1,0.25,0.41,0.1025,1.0,1
D1037,F2,P10,2026-04-09,425.4,10.63,16.27,Low,1,0.84,0.43,0.36119999999999997,1.0,1
D1038,F4,P83,2026-04-04,209.96,5.25,10.4,High,1,0.97,1.0,0.97,1.0,1
D1039,F1,P77,2026-04-08,650.09,16.25,30.63,Medium,1,0.84,0.87,0.7308,1.0,1
D1040,F3,P64,2026-04-01,728.47,18.21,25.87,High,1,0.55,0.21,0.1155,1.0,1
D1041,F3,P164,2026-04-24,527.37,13.18,19.02,Medium,1,0.24,0.4,0.096,0.9950194886870548,1
D1042,F4,P68,2026-04-11,579.75,14.49,25.38,High,1,0.89,0.15,0.1335,1.0,1
D1043,F1,P172,2026-04-11,429.53,10.74,16.84,High,1,0.89,0.15,0.1335,1.0,1
D1044,F3,P49,2026-04-02,671.11,16.78,29.19,High,1,0.95,0.78,0.741,1.0,1
D1045,F3,P42,2026-04-25,645.45,16.14,19.77,Low,1,0.48,0.08,0.0384,0.8657532938520704,1
D1046,F5,P112,2026-04-04,765.24,19.13,44.9,Low,1,0.97,1.0,0.97,1.0,1
D1047,F2,P123,2026-04-10,271.5,6.79,9.54,Medium,1,0.22,0.4,0.08800000000000001,1.0,1
D1048,F3,P80,2026-04-14,192.43,4.81,8.39,Medium,1,0.88,0.24,0.2112,1.0,1
D1049,F1,P198,2026-04-12,494.85,12.37,15.74,High,1,0.51,0.23,0.1173,1.0,1
D1050,F4,P62,2026-04-02,456.91,11.42,24.65,Low,1,0.95,0.78,0.741,1.0,1
D1051,F5,P62,2026-04-21,85.29,2.13,3.49,Low,1,0.57,0.74,0.42179999999999995,1.0,1
D1052,F3,P57,2026-04-15,312.45,7.81,13.7,Medium,1,0.91,0.59,0.5369,1.0,1
D1053,F3,P139,2026-04-07,380.53,9.51,17.77,Medium,1,0.97,0.69,0.6692999999999999,1.0,1
D1054,F5,P177,2026-04-25,174.58,4.36,6.31,Medium,1,0.48,0.08,0.0384,0.9578056977314847,1
D1055,F1,P109,2026-04-06,773.58,19.34,36.31,High,1,0.55,0.71,0.3905,1.0,1
D1056,F5,P40,2026-04-03,484.75,12.12,21.95,Low,1,0.11,0.93,0.1023,1.0,1
D1057,F3,P106,2026-04-11,432.29,10.81,16.36,Medium,1,0.89,0.15,0.1335,1.0,1
D1058,F3,P144,2026-04-25,768.57,19.21,27.78,Medium,1,0.48,0.08,0.0384,0.8506195050318184,1
D1059,F2,P111,2026-04-17,388.36,9.71,15.0,Medium,1,0.48,0.38,0.1824,0.9975078125,1
D1060,F3,P124,2026-04-15,564.08,14.1,26.42,Low,1,0.91,0.59,0.5369,1.0,1
D1061,F1,P133,2026-04-22,451.6,11.29,18.43,Low,1,0.77,0.82,0.6314,1.0,1
D1062,F1,P114,2026-04-28,331.39,8.28,13.92,Medium,1,0.56,0.32,0.17920000000000003,1.0,1
D1063,F4,P44,2026-04-25,767.98,19.2,29.01,Medium,1,0.48,0.08,0.0384,0.8482794368353221,1
D1064,F1,P197,2026-04-03,18.25,0.46,0.63,High,1,0.11,0.93,0.1023,1.0,1
D1065,F5,P133,2026-04-01,376.92,9.42,11.88,Low,1,0.55,0.21,0.1155,1.0,1
D1066,F4,P30,2026-04-27,659.68,16.49,35.13,Medium,1,0.8,0.98,0.784,1.0,1
D1067,F5,P100,2026-04-17,277.15,6.93,9.55,Low,1,0.48,0.38,0.1824,1.0,1
D1068,F3,P143,2026-04-27,413.23,10.33,19.94,Low,1,0.8,0.98,0.784,1.0,1
D1069,F1,P188,2026-04-17,659.7,16.49,23.77,High,1,0.48,0.38,0.1824,1.0,1
D1070,F4,P24,2026-04-18,813.48,20.34,33.06,Low,1,0.71,0.25,0.1775,1.0,1
D1071,F1,P123,2026-04-29,618.7,15.47,22.64,Medium,1,0.04,0.92,0.0368,0.995016906126061,1
D1072,F5,P74,2026-04-18,784.7,19.62,30.4,Low,1,0.71,0.25,0.1775,1.0,1
D1073,F4,P92,2026-04-17,747.07,18.68,27.81,Medium,1,0.48,0.38,0.1824,0.9950259821512509,1
D1074,F4,P152,2026-04-05,581.06,14.53,21.71,Low,1,0.06,0.74,0.044399999999999995,1.0,1
D1075,F3,P44,2026-04-22,437.17,10.93,19.02,Medium,1,0.77,0.82,0.6314,1.0,1
D1076,F5,P174,2026-04-24,690.09,17.25,23.3,Medium,1,0.24,0.4,0.096,1.0,1
D1077,F4,P58,2026-04-04,693.19,17.33,35.62,Medium,1,0.97,1.0,0.97,1.0,1
D1078,F1,P21,2026-04-07,130.24,3.26,7.04,Low,1,0.97,0.69,0.6692999999999999,1.0,1
D1079,F1,P130,2026-04-05,708.39,17.71,27.88,High,1,0.06,0.74,0.044399999999999995,1.0,1
D1080,F3,P73,2026-04-17,207.63,5.19,8.71,High,1,0.48,0.38,0.1824,1.0,1
D1081,F4,P150,2026-04-12,813.95,20.35,29.6,Medium,1,0.51,0.23,0.1173,1.0,1
D1082,F3,P115,2026-04-09,477.39,11.93,23.05,Medium,1,0.84,0.43,0.36119999999999997,1.0,1
D1083,F1,P58,2026-04-20,667.61,16.69,24.11,Medium,1,0.25,0.41,0.1025,1.0,1
D1084,F3,P30,2026-04-19,67.63,1.69,2.62,Medium,1,0.33,0.43,0.1419,1.0,1
D1085,F4,P131,2026-04-16,289.08,7.23,12.19,High,1,0.35,0.71,0.24849999999999997,0.9975155763239876,1
D1086,F3,P95,2026-04-01,531.96,13.3,21.17,Low,1,0.55,0.21,0.1155,1.0,1
D1087,F2,P41,2026-04-01,431.57,10.79,14.72,Low,1,0.55,0.21,0.1155,1.0,1
D1088,F1,P55,2026-04-02,626.45,15.66,26.42,High,1,0.95,0.78,0.741,1.0,1
D1089,F3,P165,2026-04-13,264.07,6.6,13.47,Medium,1,0.58,0.86,0.49879999999999997,1.0,1
D1090,F3,P103,2026-04-19,298.85,7.47,9.77,High,1,0.33,0.43,0.1419,1.0,1
D1091,F3,P105,2026-04-30,415.62,10.39,18.19,Low,1,0.92,0.25,0.23,1.0,1
D1092,F1,P72,2026-04-13,571.71,14.29,22.29,Medium,1,0.58,0.86,0.49879999999999997,1.0,1
D1093,F1,P74,2026-04-05,415.07,10.38,17.29,Low,1,0.06,0.74,0.044399999999999995,1.0,1
D1094,F2,P192,2026-04-03,324.14,8.1,13.06,Low,1,0.11,0.93,0.1023,1.0,1
D1095,F5,P126,2026-04-05,571.56,14.29,20.43,Low,1,0.06,0.74,0.044399999999999995,1.0,1
D1096,F5,P162,2026-04-24,757.12,18.93,23.23,Low,1,0.24,0.4,0.096,1.0,1
D1097,F2,P181,2026-04-30,280.71,7.02,12.76,Medium,1,0.92,0.25,0.23,1.0,1
D1098,F3,P90,2026-04-07,263.11,6.58,12.02,Medium,1,0.97,0.69,0.6692999999999999,1.0,1
D1099,F5,P90,2026-04-27,747.6,18.69,33.1,Medium,1,0.8,0.98,0.784,1.0,1
D1100,F3,P55,2026-04-29,799.76,19.99,35.25,High,1,0.04,0.92,0.0368,0.9975078125,1
D1101,F1,P30,2026-04-02,479.53,11.99,24.12,Medium,1,0.95,0.78,0.741,1.0,1
D1102,F2,P160,2026-04-15,537.43,13.44,21.59,High,1,0.91,0.59,0.5369,1.0,1
D1103,F2,P14,2026-04-06,296.96,7.42,13.65,Medium,1,0.55,0.71,0.3905,1.0,1
D1104,F2,P151,2026-04-26,282.72,7.07,10.17,Low,1,0.53,0.44,0.23320000000000002,1.0,1
D1105,F3,P198,2026-04-28,198.44,4.96,7.33,High,1,0.56,0.32,0.17920000000000003,1.0,1
D1106,F5,P84,2026-04-06,458.15,11.45,19.04,Medium,1,0.55,0.71,0.3905,1.0,1
D1107,F4,P103,2026-04-02,471.37,11.78,25.04,High,1,0.95,0.78,0.741,1.0,1
D1108,F1,P150,2026-04-02,840.16,21.0,36.19,Medium,1,0.95,0.78,0.741,1.0,1
D1109,F2,P75,2026-04-29,400.02,10.0,15.25,Low,1,0.04,0.92,0.0368,0.9975078125,1
D1110,F1,P50,2026-04-15,654.32,16.36,27.69,Low,1,0.91,0.59,0.5369,1.0,1
D1111,F3,P62,2026-04-13,628.13,15.7,26.02,Low,1,0.58,0.86,0.49879999999999997,0.9900545053615033,1
D1112,F5,P130,2026-04-21,396.23,9.91,16.91,High,1,0.57,0.74,0.42179999999999995,1.0,1
D1113,F2,P154,2026-04-26,72.89,1.82,2.64,Medium,1,0.53,0.44,0.23320000000000002,1.0,1
D1114,F3,P88,2026-04-17,370.46,9.26,13.68,High,1,0.48,0.38,0.1824,1.0,1
D1115,F5,P107,2026-04-03,268.72,6.72,11.64,Low,1,0.11,0.93,0.1023,1.0,1
D1116,F4,P29,2026-04-27,126.83,3.17,6.98,Medium,1,0.8,0.98,0.784,1.0,1
D1117,F3,P192,2026-04-15,591.84,14.8,25.16,Low,1,0.91,0.59,0.5369,1.0,1
D1118,F3,P17,2026-04-19,771.67,19.29,29.11,High,1,0.33,0.43,0.1419,1.0,1
D1119,F4,P57,2026-04-28,473.58,11.84,18.74,Medium,1,0.56,0.32,0.17920000000000003,1.0,1
D1120,F3,P48,2026-04-17,24.23,0.61,1.01,High,1,0.48,0.38,0.1824,1.0,1
D1121,F3,P47,2026-04-12,251.52,6.29,10.27,High,1,0.51,0.23,0.1173,1.0,1
D1122,F2,P153,2026-04-24,568.8,14.22,17.93,High,1,0.24,0.4,0.096,1.0,1
D1123,F3,P104,2026-04-10,372.31,9.31,13.47,Low,1,0.22,0.4,0.08800000000000001,1.0,1
D1124,F2,P83,2026-04-16,354.66,8.87,13.62,High,1,0.35,0.71,0.24849999999999997,1.0,1
D1125,F2,P76,2026-04-19,376.72,9.42,15.54,High,1,0.33,0.43,0.1419,0.9975155763239876,1
D1126,F1,P39,2026-04-05,629.0,15.72,25.42,Medium,1,0.06,0.74,0.044399999999999995,0.9850623058066739,1
D1127,F4,P181,2026-04-03,481.14,12.03,17.49,Medium,1,0.11,0.93,0.1023,1.0,1
D1128,F4,P107,2026-04-02,470.89,11.77,24.47,Low,1,0.95,0.78,0.741,1.0,1
D1129,F5,P77,2026-04-24,132.1,3.3,4.44,Medium,1,0.24,0.4,0.096,1.0,1
D1130,F2,P53,2026-04-12,461.75,11.54,15.58,Low,1,0.51,0.23,0.1173,0.9975039123630672,1
D1131,F2,P55,2026-04-25,535.98,13.4,18.59,High,1,0.48,0.08,0.0384,0.673939695077722,1
D1132,F1,P63,2026-04-08,355.63,8.89,15.99,Medium,1,0.84,0.87,0.7308,1.0,1
D1133,F2,P177,2026-04-14,344.87,8.62,13.26,Medium,1,0.88,0.24,0.2112,1.0,1
D1134,F5,P64,2026-04-16,723.75,18.09,25.43,High,1,0.35,0.71,0.24849999999999997,1.0,1
D1135,F1,P19,2026-04-19,528.91,13.22,17.68,Medium,1,0.33,0.43,0.1419,0.9975155763239876,1
D1136,F4,P32,2026-04-10,770.82,19.27,26.85,Medium,1,0.22,0.4,0.08800000000000001,1.0,1
D1137,F2,P121,2026-04-25,445.72,11.14,13.35,Medium,1,0.48,0.08,0.0384,0.3195586581416974,0
D1138,F3,P124,2026-04-08,564.08,14.1,31.25,Low,1,0.84,0.87,0.7308,1.0,1
D1139,F3,P56,2026-04-20,631.46,15.79,19.52,High,1,0.25,0.41,0.1025,1.0,1
D1140,F4,P114,2026-04-29,647.27,16.18,25.94,Medium,1,0.04,0.92,0.0368,1.0,1
D1141,F4,P183,2026-04-20,321.76,8.04,10.88,High,1,0.25,0.41,0.1025,1.0,1
D1142,F5,P11,2026-04-20,67.21,1.68,2.32,High,1,0.25,0.41,0.1025,1.0,1
D1143,F2,P109,2026-04-23,304.99,7.62,12.3,High,1,0.74,0.68,0.5032,1.0,1
D1144,F4,P172,2026-04-25,566.81,14.17,20.15,High,1,0.48,0.08,0.0384,0.6365931793908338,1
D1145,F4,P190,2026-04-18,621.07,15.53,23.73,Low,1,0.71,0.25,0.1775,1.0,1
D1146,F2,P179,2026-04-05,296.93,7.42,10.29,Low,1,0.06,0.74,0.044399999999999995,1.0,1
D1147,F4,P123,2026-04-17,494.59,12.36,16.3,Medium,1,0.48,0.38,0.1824,0.9875325041176584,1
D1148,F4,P162,2026-04-28,632.29,15.81,22.58,Low,1,0.56,0.32,0.17920000000000003,1.0,1
D1149,F3,P148,2026-04-26,659.95,16.5,23.73,Low,1,0.53,0.44,0.23320000000000002,1.0,1
D1150,F1,P57,2026-04-28,437.29,10.93,15.97,Medium,1,0.56,0.32,0.17920000000000003,1.0,1
D1151,F4,P165,2026-04-11,806.12,20.15,32.66,Medium,1,0.89,0.15,0.1335,1.0,1
D1152,F3,P14,2026-04-06,562.46,14.06,25.88,Medium,1,0.55,0.71,0.3905,1.0,1
D1153,F4,P125,2026-04-21,874.73,21.87,34.88,High,1,0.57,0.74,0.42179999999999995,1.0,1
D1154,F2,P25,2026-04-23,314.35,7.86,15.63,Low,1,0.74,0.68,0.5032,1.0,1
D1155,F4,P79,2026-04-11,613.34,15.33,27.92,High,1,0.89,0.15,0.1335,1.0,1
D1156,F1,P66,2026-04-02,815.53,20.39,39.28,Low,1,0.95,0.78,0.741,1.0,1
D1157,F4,P124,2026-04-18,413.3,10.33,17.82,Low,1,0.71,0.25,0.1775,1.0,1
D1158,F2,P121,2026-04-30,445.72,11.14,20.95,Medium,1,0.92,0.25,0.23,0.9900428775110425,1
D1159,F3,P137,2026-04-15,311.61,7.79,13.92,High,1,0.91,0.59,0.5369,1.0,1
D1160,F4,P119,2026-04-13,491.17,12.28,24.06,Low,1,0.58,0.86,0.49879999999999997,1.0,1
D1161,F4,P93,2026-04-27,782.77,19.57,40.17,Medium,1,0.8,0.98,0.784,1.0,1
D1162,F4,P6,2026-04-19,853.65,21.34,34.17,Medium,1,0.33,0.43,0.1419,1.0,1
D1163,F2,P198,2026-04-12,78.09,1.95,2.44,High,1,0.51,0.23,0.1173,1.0,1
D1164,F1,P49,2026-04-18,753.82,18.85,28.73,High,1,0.71,0.25,0.1775,1.0,1
D1165,F5,P154,2026-04-11,501.88,12.55,19.23,Medium,1,0.89,0.15,0.1335,1.0,1
D1166,F4,P6,2026-04-01,853.65,21.34,32.78,Medium,1,0.55,0.21,0.1155,1.0,1
D1167,F2,P40,2026-04-27,547.21,13.68,24.77,Low,1,0.8,0.98,0.784,1.0,1
D1168,F1,P58,2026-04-28,667.61,16.69,27.1,Medium,1,0.56,0.32,0.17920000000000003,1.0,1
D1169,F2,P118,2026-04-10,393.38,9.83,14.57,High,1,0.22,0.4,0.08800000000000001,1.0,1
D1170,F5,P95,2026-04-22,692.93,17.32,31.81,Low,1,0.77,0.82,0.6314,1.0,1
D1171,F4,P131,2026-04-29,289.08,7.23,12.3,High,1,0.04,0.92,0.0368,0.9876045832861352,1
D1172,F4,P35,2026-04-19,553.55,13.84,17.98,Medium,1,0.33,0.43,0.1419,1.0,1
D1173,F1,P198,2026-04-22,494.85,12.37,23.19,High,1,0.77,0.82,0.6314,1.0,1
D1174,F3,P200,2026-04-07,687.73,17.19,32.68,Low,1,0.97,0.69,0.6692999999999999,1.0,1
D1175,F5,P43,2026-04-18,426.31,10.66,17.58,Low,1,0.71,0.25,0.1775,1.0,1
D1176,F1,P197,2026-04-24,18.25,0.46,0.68,High,1,0.24,0.4,0.096,1.0,1
D1177,F3,P179,2026-04-06,472.8,11.82,22.83,Low,1,0.55,0.71,0.3905,1.0,1
D1178,F5,P59,2026-04-26,56.93,1.42,2.32,Medium,1,0.53,0.44,0.23320000000000002,1.0,1
D1179,F4,P72,2026-04-13,699.75,17.49,31.33,Medium,1,0.58,0.86,0.49879999999999997,1.0,1
D1180,F2,P146,2026-04-01,495.3,12.38,15.99,Medium,1,0.55,0.21,0.1155,0.9975019577133908,1
D1181,F3,P142,2026-04-28,361.82,9.05,14.11,Medium,1,0.56,0.32,0.17920000000000003,0.9975078125,1
D1182,F1,P81,2026-04-27,161.99,4.05,8.12,Medium,1,0.8,0.98,0.784,1.0,1
D1183,F4,P90,2026-04-02,582.44,14.56,25.84,Medium,1,0.95,0.78,0.741,1.0,1
D1184,F2,P142,2026-04-12,311.86,7.8,10.09,Medium,1,0.51,0.23,0.1173,1.0,1
D1185,F3,P137,2026-04-20,311.61,7.79,11.52,High,1,0.25,0.41,0.1025,1.0,1
D1186,F2,P97,2026-04-06,261.24,6.53,9.6,High,1,0.55,0.71,0.3905,1.0,1
D1187,F4,P41,2026-04-29,255.62,6.39,10.04,Low,1,0.04,0.92,0.0368,0.9950617301701414,1
D1188,F1,P38,2026-04-30,467.75,11.69,18.21,Low,1,0.92,0.25,0.23,1.0,1
D1189,F2,P39,2026-04-22,362.05,9.05,14.75,Medium,1,0.77,0.82,0.6314,0.9975078125,1
D1190,F2,P102,2026-04-24,164.65,4.12,5.09,High,1,0.24,0.4,0.096,1.0,1
D1191,F1,P200,2026-04-16,398.4,9.96,14.74,Low,1,0.35,0.71,0.24849999999999997,1.0,1
D1192,F1,P153,2026-04-24,170.81,4.27,5.98,High,1,0.24,0.4,0.096,1.0,1
D1193,F1,P166,2026-04-13,836.75,20.92,36.69,Low,1,0.58,0.86,0.49879999999999997,1.0,1
D1194,F4,P129,2026-04-25,636.92,15.92,22.33,Medium,1,0.48,0.08,0.0384,0.8508112842341223,1
D1195,F1,P3,2026-04-18,291.87,7.3,12.03,Medium,1,0.71,0.25,0.1775,1.0,1
D1196,F1,P138,2026-04-05,647.62,16.19,23.63,Medium,1,0.06,0.74,0.044399999999999995,1.0,1
D1197,F2,P10,2026-04-04,425.4,10.63,20.79,Low,1,0.97,1.0,0.97,1.0,1
D1198,F5,P182,2026-04-23,531.54,13.29,26.72,Low,1,0.74,0.68,0.5032,1.0,1
D1199,F3,P103,2026-04-18,298.85,7.47,10.28,High,1,0.71,0.25,0.1775,1.0,1
D1200,F4,P164,2026-04-10,797.36,19.93,27.47,Medium,1,0.22,0.4,0.08800000000000001,1.0,1
